time,x,y,z,wind_velocity_x,wind_velocity_y
0.0,0.0,0.0,459.0106201171875,5.303418361183951,-2.9115936881093742
0.0014491323639116624,3.0814879110195774e-33,0.0,459.0106201171875,5.303418361183951,-2.9115936881093742
0.002898264727823325,-6.162975822039155e-33,-1.4444474582904269e-34,459.0106201171875,5.303418361183951,-2.9115936881093742
0.00579652945564665,2.9582283945787943e-31,1.925929944387236e-33,459.0106201171875,5.303418361183951,-2.9115936881093742
0.008694794183469974,1.1832913578315177e-30,4.622231866529366e-33,459.0106201171875,5.303418361183951,-2.9115936881093742
0.0115930589112933,-1.5777218104420236e-30,-2.465190328815662e-32,459.0106201171875,5.303418361183951,-2.9115936881093742
0.04057570618952655,1.5146129380243427e-28,5.5220263365470826e-30,459.0106201171875,5.303418361183951,-2.9115936881093742
0.041916414117238995,-5.048709793414476e-29,0.0,459.0106201171875,5.303418361183951,-2.9115936881093742
0.04325712204495144,-2.0194839173657902e-28,-7.888609052210118e-31,459.0106201171875,5.303418361183951,-2.9115936881093742
0.045938537900376324,8.077935669463161e-28,0.0,459.0106201171875,5.303418361183951,-2.9115936881093742
0.04861995375580121,-3.2311742677852644e-27,-2.524354896707238e-29,459.0106201171875,5.303418361183951,-2.9115936881093742
0.05130136961122609,0.0,0.0,459.0106201171875,5.303418361183951,-2.9115936881093742
0.05228636902505826,-2.5849394142282115e-26,-2.0194839173657902e-28,459.0106201171875,5.303418361183951,-2.9115936881093742
0.05327136843889043,0.0,8.077935669463161e-28,459.0106201171875,5.303418361183951,-2.9115936881093742
0.05524136726655477,-4.1359030627651384e-25,-1.6155871338926322e-27,459.0106201171875,5.303418361183951,-2.9115936881093742
0.05721136609421911,1.6543612251060553e-24,2.5849394142282115e-26,459.0106201171875,5.303418361183951,-2.9115936881093742
0.05918136492188345,2.579650201789618e-07,1.561231479338925e-09,459.0106230390103,5.303418375216684,-2.911593695533738
0.06115136374954779,1.6049868427733102e-06,9.713549461567042e-09,459.010638295959,5.303418448491727,-2.911593734301708
0.06312136257721213,5.244534288451332e-06,3.1740474037612767e-08,459.0106795190392,5.303418646475154,-2.9115938390497256
0.06509136140487647,1.243733351256209e-05,7.527205272008616e-08,459.01076098777764,5.303419037747711,-2.911594046062128
0.08479134968151987,0.0005509693352466532,3.334524462815789e-06,459.01686063291817,5.303448332711597,-2.9116095452857103
0.08798262745073794,0.0007703653643911434,4.662332345081032e-06,459.0193456067335,5.3034602673760745,-2.911615859614474
0.09117390521995601,0.0010408657885371956,6.299429409862799e-06,459.02240941091287,5.303474982007946,-2.911623644753592
0.09436518298917408,0.001368487188109562,8.282228635752454e-06,459.0261201918347,5.303492803896038,-2.911633073863294
0.09755646075839215,0.001760769882404675,1.065636482952221e-05,459.0305633543993,5.30351414321724,-2.911644363957785
0.10074773852761022,0.0022258714926675616,1.347120877437137e-05,459.03583129533456,5.303539443728319,-2.911657749817535
0.10290460835546182,0.0025845294842258815,1.5641844724737287e-05,459.0398936100499,5.303558953939182,-2.911668072176063
0.10506147818331342,0.002980016990400034,1.8035376777633388e-05,459.04437307169263,5.303580467595146,-2.911679454506663
0.10721834801116502,0.0034125134060807526,2.065289064983806e-05,459.04927171216656,5.303603994454901,-2.9116919019724095
0.11153208766686823,0.004389191063435248,2.6563846727414003e-05,459.06033398350297,5.303657123584848,-2.9117200112497237
0.11584582732257143,0.005516088559733219,3.338394909628585e-05,459.0730977093633,5.303718424345716,-2.9117524439300344
0.12015956697827462,0.006794613304050729,4.1121715544455774e-05,459.08757883066824,5.3037879732974815,-2.9117892405192882
0.12447330663397782,0.00822620313957045,4.978584805034543e-05,459.1037936330482,5.303865848655672,-2.9118304423993386
0.13127160202003862,0.010796980134768902,6.534446126263192e-05,459.13291135930325,5.304005693305557,-2.9119044306624327
0.13806989740609943,0.013757128124909127,8.32595887574475e-05,459.1664392689634,5.304166718886564,-2.911989625219837
0.14486819279216023,0.017112287815438297,0.00010356536867841984,459.20444125108526,5.30434923224074,-2.9120861884139098
0.14758751094658457,0.01856606126141068,0.00011236375873186403,459.22090731458115,5.304428314338854,-2.912128028749497
0.1503068291010089,0.02008427158313471,0.00012155212754593218,459.238103217854,5.3045109016621765,-2.9121717236109825
0.15302614725543323,0.021666957095927804,0.0001311307070089619,459.25602939487965,5.304596996294978,-2.9122172741011005
0.15632918787757738,0.023675380494508222,0.0001432858970092546,459.27877766236196,5.304706250138279,-2.9122750775430544
0.15963222849972153,0.025777008107193376,0.00015600516873259026,459.3025816008718,5.304820574087122,-2.9123355634494645
0.16293526912186568,0.027970595361136122,0.00016928098989297928,459.3274271138417,5.3049399004394635,-2.9123986960008947
0.19406663901986765,0.05293536752727547,0.00032037042113936177,459.61018886381504,5.306297929482653,-2.9131171947794967
0.19943417372637487,0.05797647475306676,0.00035087973316224095,459.6672866130547,5.306572154697965,-2.913262280396959
0.2048017084328821,0.06322198079264868,0.00038262608834007224,459.72669947119647,5.306857498762015,-2.9134132487157367
0.2101692431393893,0.06867053103769506,0.0004156012884405546,459.7884120953636,5.307153887987072,-2.913570060749516
0.21963120298882924,0.07877069081919114,0.00047672851951353185,459.9028108503701,5.307703314604421,-2.913860748460119
0.22909316283826917,0.08950468258512564,0.0005416917685320067,460.0243886591214,5.308287220296429,-2.914169678176041
0.2385551226877091,0.10087464066176346,0.0006105039526633903,460.1531696959151,5.308905721165781,-2.914496911324273
0.3182790766359449,0.2222159194635881,0.001344874155558439,461.52753322343597,5.31550642153084,-2.9179891747438194
0.3980030305841807,0.3901446581456312,0.0023611965737460015,463.4295663645579,5.3246413778924975,-2.9228222488384783
0.4248336287036772,0.45736117486590677,0.002767998014353738,464.1908895510246,5.328297809494625,-2.924756774210631
0.4270162866283839,0.4630942708461508,0.002801058673324042,464.2557451655248,5.328609293661467,-2.9249215725958733
0.42919894455309066,0.4688706256291596,0.002832736794522848,464.321010706673,5.328922746596339,-2.925087412606427
0.43356426040250406,0.48050992968693806,0.002893313737011368,464.4523622399444,5.329553592872636,-2.9254211773968626
0.4379295762519175,0.49232257511601374,0.0029483043550563672,464.5853558703127,5.3301923257020105,-2.9257591147628266
0.4422948921013309,0.5043088553967162,0.0029976593986118655,464.71999398897793,5.330838956568757,-2.926101230780369
0.4859480505954652,0.6337631417778442,0.003182566127294209,466.15733907851455,5.337742140527904,-2.9297535306100277
0.5296012090895995,0.7807269737414365,0.0028401140465288753,467.76163438797033,5.345447141732271,-2.933830051640434
0.5732543675837338,0.9450515678188363,0.0021285168111492884,469.5345516196093,5.353961988920633,-2.93833504167397
0.6169075260778681,1.1262740131863072,0.0013516348964979757,471.47718827702806,5.36329195310917,-2.9432712894718223
0.6605606845720025,1.3236394086419072,0.0009737345746178104,473.59058712261424,5.373442042406678,-2.94864144469754
0.7042138430661368,1.5360921684171567,0.0016315748400156996,475.87585199621896,5.384417558260674,-2.9544483122127603
0.7391081355759015,1.715863018764635,0.003441043554761909,477.82692933824416,5.393788060799397,-2.9594060078251805
0.7740024280856662,1.9035546425557865,0.006933148401882614,479.8890991145384,5.403692110581446,-2.9646459897735062
0.8088967205954309,2.0981904069375634,0.012684099296669006,482.0629238607066,5.4141324093148455,-2.970169687463041
0.8437910131051957,2.2986719283764927,0.021341200757741395,484.3489576576877,5.425111618102122,-2.9759785088157473
0.8880312352321467,2.559358895506347,0.03761184122550455,487.40943319287015,5.439810263386148,-2.9837551898349344
0.9322714573590977,2.824814041668726,0.06128505714711904,490.65220531607343,5.455384430416061,-2.9919950872398196
0.9765116794860487,3.0921924323251115,0.09404764967738834,494.07827985127693,5.471838949895364,-3.000700756833303
1.0207519016129998,3.358577947212877,0.137635993766972,497.6885349067399,5.489178039143123,-3.0098744298921103
1.064992123739951,3.621110365327259,0.19375082591600093,501.48342406445613,5.507403876592317,-3.019517258969968
1.1078080760777937,3.869017050747728,0.26146933454287935,505.33180078860136,5.5258866005145455,-3.0292960001758042
1.1506240284156366,4.1087345815013405,0.34364803307122255,509.3526719242411,5.545197768950997,-3.039513050396159
1.1934399807534795,4.33860439532851,0.4413164440521399,513.5458596392165,5.565336527821384,-3.0501679577587804
1.2362559330913223,4.557516037642798,0.5552044173273659,517.9111630385313,5.586301912280782,-3.0612602117886496
1.2790718854291652,4.764997100939322,0.685691558080192,522.4484390504681,5.608093235194006,-3.0727894489399405
1.3315962038478557,5.004296476333984,0.8683937809991733,528.2492943869684,5.635953191581497,-3.0875294463919123
1.3841205222665462,5.228624473733232,1.0752085565886766,534.3087989209623,5.665055370872996,-3.1029266725266997
1.4233649016004954,5.388385708964871,1.244501839911947,539.0051085589733,5.6876104897489785,-3.1148600147809673
1.4626092809344446,5.543385504330507,1.425397293702518,543.8458676032075,5.710859360481218,-3.1271604035751257
1.5018536602683938,5.695611157089447,1.616818922036526,548.8310851872892,5.7348020269360696,-3.139827862117752
1.541098039602343,5.847097046290507,1.817639270804388,553.9606729673797,5.759438064821708,-3.152862165926786
1.5803424189362922,5.999745720417143,2.02676899714816,559.2342535677371,5.784765661703398,-3.1662623560889034
1.6195867982702414,6.155142556240572,2.243266094847393,564.6512223081978,5.810781913464072,-3.180026896109302
1.6588311776041906,6.3143890121741055,2.466451032112223,570.2110666313782,5.837484358427732,-3.1941544835775466
1.6980755569381398,6.477979373899959,2.6959726717138994,575.9132109950458,5.864870232418998,-3.208643656038438
1.737319936272089,6.645733661241128,2.9318557375265333,581.757072524352,5.892936736045898,-3.223492932404571
1.7471310311055763,6.688236659412249,2.99186014476376,583.2401114668272,5.900059375357093,-3.227261340503927
1.766753220772551,6.773791364391716,3.113174017506475,586.2326109196526,5.914431549701921,-3.2348652940161147
1.7863754104395255,6.859924296026776,3.2363079242809354,589.2602736457068,5.928972603841498,-3.2425585975513123
1.8059976001065001,6.946425937326332,3.3613727902343187,592.323019183534,5.943682151340975,-3.250341046656628
1.8256197897734747,7.033063643399748,3.4884934768070726,595.4207646901654,5.958559794327735,-3.258212430827734
1.8452419794404493,7.119588967761844,3.617804896531532,598.553424720276,5.973605122430742,-3.2661725329477056
1.8699772383895223,7.228104053941111,3.784150853082639,602.5519904891959,5.992809164157773,-3.27633290513878
1.8947124973385954,7.3355234593278595,3.9544843276077195,606.6057156082179,6.0122781214876015,-3.2866334374670743
1.9194477562876684,7.441370174501804,4.129073078074431,610.7144143769306,6.032011102550828,-3.297073658067073
1.9441830152367414,7.545227033133837,4.308154450539073,614.8778993927664,6.052007207303053,-3.3076530907480763
1.9689182741858144,7.6467581421585455,4.491922925890047,619.0959846421003,6.072265542370595,-3.3183712628486917
1.9936535331348875,7.745728457173846,4.680518594503309,623.3684883630015,6.092688190478057,-3.3291893580389917
2.0259777646574024,7.871017778850491,4.934371501190647,629.0335406468495,6.090706849731718,-3.332047989478644
2.052048868559394,7.968761926730468,5.145212841413724,633.6698535446106,6.089085308535478,-3.3343875106603633
2.0781199724613852,8.063745810528353,5.361394196524869,638.3658529785854,6.087442892092148,-3.3367571501535105
2.1041910763633767,8.156291340937102,5.582736288669913,643.1212641833364,6.08577969650039,-3.3391567693092132
2.130262180265368,8.24683376268051,5.808994791682464,647.9358321451614,6.084095810950741,-3.3415862394454834
2.1563332841673595,8.3358874415804,6.039878662621467,652.8093174546062,6.082391319176177,-3.344045439754364
2.182404388069351,8.424001727434852,6.275072503003299,657.7414717577888,6.080666308037977,-3.3465342449144675
2.2084754919713423,8.511714309526688,6.514261782613818,662.7320270956428,6.0789208712542875,-3.3490525197114698
2.2345465958733337,8.599507046574649,6.75715874705859,667.7807052844821,6.0771551061193,-3.3516001237716218
2.260617699775325,8.687766236994714,7.003526273285305,672.8872279030672,6.075369110010287,-3.3541769166013027
2.2895139963586804,8.786442205943727,7.280446482035457,678.614363621444,6.073366055706449,-3.3570668758467606
2.3184102929420356,8.886137975622159,7.561318743943992,684.4118175414287,6.071338407751735,-3.359992318228441
2.341959170996225,8.968069814155669,7.793151927834635,689.188137547996,6.069667899348212,-3.36240248813553
2.365508049050414,9.050440022807031,8.027703892031107,694.0106543946496,6.067981233691935,-3.3648359693437095
2.3890569271046034,9.132994897913186,8.265101053115592,698.8791349036941,6.0662784923363375,-3.367292644189619
2.4126058051587926,9.215418883884343,8.505506574441428,703.7933419855406,6.064559758203032,-3.369772393035924
2.436154683212982,9.297360988500104,8.749105749029262,708.7530333963246,6.062825116016327,-3.3722750936444013
2.459703561267171,9.378464594120775,8.99608938639086,713.7579622872294,6.061074652111103,-3.374800621453131
2.4862908779674084,9.468612200110188,9.279231273763452,719.4627193180139,6.059079424708651,-3.3776792882308904
2.5128781946676457,9.556880303913955,9.567127691994656,725.2244810518802,6.057064260024902,-3.380586720045276
2.539465511367883,9.643010662343936,9.859922681617586,731.0429469980162,6.055029263155917,-3.3835227652661817
2.5660528280681203,9.72690353102907,10.157676367790415,736.9178838212891,6.052974515710194,-3.3864873061508023
2.5926401447683576,9.808626213160709,10.460357614858369,742.8491072360719,6.050900082141267,-3.389480249707112
2.619227461468595,9.888402763564512,10.76784584173503,748.8364388967533,6.048806024825153,-3.392501505940466
2.645814778168832,9.96658420635175,11.07994520654138,754.8796841542147,6.046692411839997,-3.3955509766293366
2.6724020948690694,10.043601895433705,11.39641047824897,760.9786415788016,6.0445593136354185,-3.3986285601306814
2.6989894115693067,10.119910256773085,11.716979797621253,767.1331199216402,6.0424067971003295,-3.4017341599387647
2.725576728269544,10.195927008222943,12.041408610626728,773.3429413765317,6.040234924422093,-3.4048676863311327
2.7521640449697813,10.27197897989435,12.36950022698552,779.6079317041435,6.03804375654057,-3.408029051385202
2.7787513616700186,10.348260694775924,12.701129605561334,785.9279095062369,6.035833356899432,-3.4112181635659455
2.805338678370256,10.424811371423019,13.03625750580394,792.3026827393902,6.033603792665483,-3.4144349259666926
2.8272421915874903,10.487998620245545,13.315008054143064,797.5954565498081,6.0317526555733085,-3.4171057026620058
2.849145704804725,10.55115438158587,13.59623312928733,802.9251696653522,6.029888599032784,-3.4197951192310043
2.8710492180219593,10.614095990321468,13.880028067040802,808.2917058170736,6.02801166370874,-3.4225031170034312
2.892952731239194,10.6766130254755,14.166505301710192,813.6949460470083,6.02612189120649,-3.4252296359521313
2.9148562444564283,10.738489846340059,14.455779963760335,819.134737764427,6.024219334894335,-3.4279745990785817
2.936759757673663,10.799528719287514,14.747955273208362,824.6108690435425,6.022304068892899,-3.430737899443307
2.9586632708908973,10.859571239957894,15.043108032115288,830.123031820144,6.020376200947024,-3.433519381594602
2.980566784108132,10.918514496453257,15.341280820292935,835.6708508191633,6.018435862308419,-3.436318856165616
3.0024702973253663,10.976320244337442,15.642479381736411,841.2539400167311,6.014533714594522,-3.4404618148584776
3.0059900690393224,10.98550443832232,15.69116081062446,842.1543760698623,6.013808125245936,-3.441195442874303
3.0095098407532785,10.994660265062803,15.73991900655785,843.0557061866143,6.013081815443036,-3.441929799326221
3.0130296124672347,11.003788143204373,15.788753095597247,843.9579194527945,6.012354793980695,-3.44266487532192
3.016549384181191,11.012888563941717,15.837662155839752,844.8610048087872,6.01162706977097,-3.443400661850607
3.020069155895147,11.021962055011478,15.886645317972008,845.7649523792156,6.010898650771641,-3.4441371508663425
3.0271086993230587,11.040030510249093,15.98483048935285,847.5753964460426,6.009439758797545,-3.4456122056288545
3.0341482427509705,11.05799836625315,16.08330165162355,849.3891786695592,6.007978176870145,-3.447089980146157
3.0411877861788823,11.075870911732789,16.18205151579044,851.2062248409339,6.006513964788396,-3.4485704139567903
3.048227329606794,11.093653882458792,16.28107248550049,853.0264600423742,6.005047182922551,-3.4500534460216707
3.06193933183445,11.128059251004652,16.47469914048837,856.5808843546275,6.0021829568485785,-3.452949404314913
3.0756513340621057,11.162196638299466,16.669264702782844,860.1465687527365,5.999309657172619,-3.4558545367348636
3.0893633362897615,11.196116373111218,16.864708086109907,863.722958256928,5.996427731108453,-3.458768391113144
3.1030753385174172,11.229869373069626,17.06096767457676,867.3094976735855,5.9935376260421815,-3.461690515107149
3.1265506648017456,11.287404614038703,17.39869219574399,873.4717196617117,5.9885719845369865,-3.4667111700159605
3.1425515941896642,11.326536775038276,17.630006721346167,877.686616593501,5.985175536440027,-3.4701452467193796
3.158552523577583,11.36566714923316,17.862129385617756,881.9123959613846,5.981770319058798,-3.4735881898603114
3.171534104774974,11.397442884182615,18.05099035471193,885.3481608133657,5.9790017111469185,-3.4763874706559172
3.184515685972365,11.429261154229925,18.240294089016793,888.790024935709,5.97622818832121,-3.479191720816752
3.197497267169756,11.46113003745549,18.43000695926467,892.2375103994043,5.973450135706411,-3.4820005509513545
3.210478848367147,11.493050991354908,18.620099060419328,895.6901394409741,5.970667938293872,-3.4848135718031292
3.2285459359696693,11.537554338096655,18.885241019551188,900.5029908328479,5.966789646554971,-3.4887348304031196
3.2466130235721917,11.582121511576792,19.151003837451405,905.3235941793605,5.962905108136256,-3.492662404888709
3.264680111174714,11.626705803918046,19.41733574012695,910.1506646405047,5.9590153583874566,-3.496595248439723
3.2827471987772365,11.671252082290254,19.684189936349213,914.982918944322,5.955121431394738,-3.5005323155135537
3.300814286379759,11.715704411912293,19.95152039629254,919.8190764786855,5.951224359100918,-3.5044725627346813
3.303281064014535,11.7217633162953,19.988054625075826,920.4796106967749,5.950692087440586,-3.5050107313321255
3.3057478416493113,11.7278193535161,20.02459682477203,921.1401922510463,5.9501597776358155,-3.505548938496605
3.3082146192840876,11.73387239582647,20.061146966112585,921.8008194503185,5.949627431049391,-3.5060871828502345
3.3106813969188638,11.73992230840454,20.097705033938368,922.4614907682984,5.949095048911232,-3.5066254631494704
3.3156149521884166,11.752012051366407,20.17084485242172,923.7829575940228,5.948030184560321,-3.5077021249312414
3.3205485074579695,11.76408764910293,20.244016105262595,925.1045809758901,5.946965194053345,-3.5087789142667374
3.3254820627275223,11.776148255404449,20.31721857719472,926.4263493015126,5.9459000867477965,-3.509855821694794
3.336585240945003,11.80323265254066,20.482076678530202,929.4015175608421,5.943502636765966,-3.5122798325718
3.3476884191624836,11.83022943997833,20.647087723667582,932.3772224146367,5.941104754385603,-3.5147042806378
3.3587915973799642,11.857132099857383,20.812246471972358,935.3533140454063,5.938706560332632,-3.517129043829371
3.369894775597445,11.883937091795463,20.97754637069935,938.3296487546894,5.936308170402142,-3.5195540050685508
3.389172700016469,11.930244454503368,21.264859505315453,943.4974747853224,5.9321438330123515,-3.523764478365127
3.4084506244354933,11.976267524945643,21.552525237637028,948.6649051970342,5.927979814420187,-3.5279746293321796
3.4277285488545175,12.022040242552624,21.84049163379445,953.8313879345324,5.923816559482824,-3.5321840081840437
3.442485872509028,12.05694105797647,22.061102288676718,957.7854643185747,5.920630285790454,-3.535405582000373
3.457243196163539,12.091749787233885,22.28183902984117,961.7386583541584,5.917444723112087,-3.538626436925509
3.4720005198180495,12.126494615734495,22.502680100759292,965.6908718106787,5.914259950603907,-3.5418464929263127
3.48675784347256,12.161205311476932,22.723601065906877,969.641978946237,5.911076069591246,-3.545065647554887
3.501515167127071,12.19591143962302,22.944576693567807,973.5918408229287,5.907893192033041,-3.5482837876119233
3.522808649536761,12.24603439776332,23.263474900329214,979.2886840718886,5.903302562007031,-3.5529252763602566
3.539919200048844,12.286392028639938,23.51973243054829,983.8640938406792,5.899615605468471,-3.5566530799933886
3.5570297505609267,12.32685084001823,23.775964181310314,988.4372160655054,5.895930492278508,-3.560379019855813
3.5741403010730095,12.367427571822098,24.032148413420416,993.0078592671358,5.892247376734929,-3.5641029399403066
3.5912508515850923,12.408128724508554,24.288269006762402,997.5758301072185,5.888566414633638,-3.567824682724932
3.60979869373499,12.452386474403454,24.56581899769646,1002.5242676896789,5.884578864835419,-3.5718564098336274
3.6283465358848876,12.496771158280026,24.843274395438783,1007.4690881432749,5.880594229791853,-3.5758851898956525
3.6468943780347853,12.541253644861614,25.120635731155026,1012.410042684919,5.876612709977322,-3.579910820215612
3.665442220184683,12.58579851153727,25.39790725126959,1017.3468831072428,5.872634505402275,-3.5839330985671736
3.6839900623345807,12.63036828230821,25.675094543411312,1022.2793618712532,5.868659815538577,-3.5879518232685643
3.706157137830916,12.683617832364806,26.006265403721375,1028.168247090745,5.863914434258645,-3.592749777730711
3.7283242133272516,12.73679791072039,26.337327290515024,1034.05012962809,5.859174695879794,-3.597542026775143
3.7456014834056144,12.77817144681662,26.595284036612462,1038.6294105730715,5.855484619870173,-3.6012729844393663
3.762878753483977,12.819465691637165,26.853167774354255,1043.2039859335007,5.851798335714529,-3.605000108240379
3.78015602356234,12.860676597786206,27.110968763214235,1047.7736593436478,5.848116001648289,-3.6087232381896936
3.7974332936407027,12.90180791068268,27.36867289415516,1052.338235312926,5.844437775201669,-3.612442215011846
3.81871441264932,12.952377240920157,27.685937299879637,1057.9533154465594,5.837052974020179,-3.6206131313632453
3.8399955316579373,13.002873200167985,28.00298463296152,1063.5600042958517,5.827340225392785,-3.631712717354647
3.8612766506665546,13.053339617728446,28.31976374745781,1069.1579413340826,5.817642637967155,-3.642794977348108
3.882557769675172,13.103824182130287,28.636219769925958,1074.7467644718254,5.807960839008985,-3.653859194513635
3.903838888683789,13.154373211412887,28.952300060605097,1080.3261247215212,5.798295433086948,-3.6649046779590604
3.9251200076924064,13.205027237768634,29.26796389336165,1085.8957766227409,5.78864684542447,-3.675930941745317
3.9417065045719806,13.244600365594332,29.513686962642247,1090.2299554875674,5.7811385297408675,-3.6845113342560105
3.9582930014515547,13.284266054705778,29.759138129395932,1094.5581875223354,5.773640516049588,-3.6930799538017003
3.974879498331129,13.324029353184102,30.004317460744357,1098.880505339208,5.766152747854945,-3.7016368649448252
3.991465995210703,13.363891118615859,30.249226832062828,1103.1969281842719,5.758675191815976,-3.7101821057869464
4.008052492090277,13.403848140871377,30.493869817894634,1107.5074619348072,5.751207837751173,-3.71871568796334
4.033244060537535,13.464700678183439,30.86493740489939,1114.0430474118011,5.73988591485208,-3.731654214597506
4.0584356289847925,13.525718696867225,31.23543181312656,1120.5650784127733,5.728587473052424,-3.7445659073772855
4.08362719743205,13.586854032031424,31.605386587467766,1127.0735847372323,5.717312460729017,-3.7574508252968934
4.108818765879308,13.648055749325371,31.97483559766709,1133.5686020475534,5.706060816102139,-3.7703090389572878
4.1340103343265655,13.709277874064037,32.34380776628467,1140.0501645411741,5.694832479929849,-3.783140616059282
4.166756192202406,13.78883445126094,32.82274406495001,1148.4553168985613,5.680271812445589,-3.7997803322749277
4.199502050078247,13.868329396383086,33.30092674135368,1156.8378567796685,5.665750317689451,-3.816375282474179
4.225259610458762,13.930822748337055,33.67652255536382,1163.4156331615634,5.654355305367228,-3.8293973346239554
4.251017170839277,13.993308486239263,34.051626995178474,1169.9794969325678,5.642984394559457,-3.8423918439182074
4.276774731219792,14.055819244511644,34.42621870898904,1176.5294861993002,5.631637519252131,-3.8553588857967718
4.302532291600307,14.11839161319553,34.80027504792652,1183.0656380367493,5.620314615218382,-3.868298533657163
4.328289851980822,14.181061308064086,35.17377507891935,1189.5879878383548,5.60901562114438,-3.8812108575679254
4.354047412361337,14.243858337591773,35.546702598437506,1196.0965703768645,5.597740476791547,-3.894095926368817
4.401823668548116,14.360736065806993,36.236882498417515,1208.1326412365943,5.576889786863067,-3.9179237875355795
4.436264123045649,14.445314516655104,36.73317967896435,1216.7798963256603,5.561909712659796,-3.935042795568777
4.470704577543182,14.530124325281955,37.22847975921361,1225.4027882342941,5.546971844017358,-3.9521135717090514
4.505145032040715,14.61510220058158,37.72282828716347,1234.0013902022572,5.5320760540588365,-3.969136260949473
4.539585486538248,14.700183232260576,38.21626882951781,1242.575775967667,5.517222215043989,-3.9861110092697096
4.574025941035781,14.785317617379333,38.70883293105784,1251.1260209830198,5.502410196262666,-4.003037966043393
4.608466395533314,14.870476699761412,39.20053733368697,1259.6522014240638,5.487639865751794,-4.019917282075978
4.642906850030847,14.955654310161599,39.69138423447888,1268.1543935695793,5.472911091369814,-4.036749108376894
4.6773473045283795,15.04086640713641,40.18136233688766,1276.6326742587569,5.4582237400043345,-4.053533597065015
4.7117877590259125,15.126146686683612,40.67045035697418,1285.0871211581195,5.443577677109739,-4.070270901897093
4.7462282135234455,15.211537871113734,41.15862313597802,1293.517812102788,5.42897276784834,-4.086961176963648
4.7806686680209785,15.297080587313447,41.64585879589418,1301.9248240457807,5.414408878910559,-4.1036045746089025
4.815109122518511,15.382802346779362,42.13214527297042,1310.3082323517162,5.399885879738483,-4.120201244032516
4.861549455687114,15.498687855005217,42.78636521328784,1321.575378398396,5.380367236874371,-4.142506861444937
4.895772898817387,15.58428609716645,43.267399004688535,1329.8512387789965,5.366030548373755,-4.158890617778928
4.92999634194766,15.670024145146925,43.747536879979435,1338.1040299732056,5.3517338237831185,-4.175228703945555
4.964219785077932,15.755872289747996,44.226800506433115,1346.333820837715,5.337476943818557,-4.191521256260707
4.998443228208205,15.841803455684932,44.7052088422664,1354.540679930385,5.323259789713847,-4.207768410448674
5.032666671338478,15.927797533731768,45.182775626657325,1362.724675806289,5.309082242707593,-4.223970302228229
5.066890114468751,16.01384288861966,45.65950872313009,1370.8858771544594,5.294944183806334,-4.2401270675833445
5.108539155906621,16.118626779482266,46.23855672661009,1380.787197120593,5.2777916300450185,-4.259728753238926
5.150188197344492,16.223505776527848,46.81636013055168,1390.6549844355022,5.260697166579225,-4.2792640541608815
5.191837238782362,16.328514872340186,47.39289985972853,1400.4893634799782,5.243660577937861,-4.298733216586397
5.226140206036272,16.415127483314887,47.866786408928554,1408.5641491373576,5.2296722212770295,-4.314718904427364
5.260443173290181,16.50186992392574,48.33979650637346,1416.6164241602291,5.215722860918702,-4.3306600278685305
5.29474614054409,16.58874880092667,48.811930175758924,1424.6462556195245,5.2018123806725365,-4.346556719690506
5.329049107797999,16.675760958356115,49.28319361624932,1432.6537095758106,5.187940666098496,-4.36240911067368
5.363352075051909,16.762895084874746,49.753597814754286,1440.638851204044,5.174107604290731,-4.378217329845195
5.405007209078061,16.868845520932666,50.323687881060856,1450.305545768803,5.157361503893675,-4.397354526586138
5.446662343104213,16.97492102551165,50.89255471148584,1459.93954870019,5.140672036854684,-4.416427003560108
5.488317477130366,17.081095765074533,51.46021787644303,1469.5409750346248,5.124039003890393,-4.435434988505201
5.529972611156518,17.187355589643296,52.026688759864285,1479.1099401243305,5.107462205170351,-4.454378709784707
5.571627745182671,17.293700588653813,52.591969595204894,1488.646559435215,5.090941440667169,-4.4732583959869805
5.622467158197286,17.42362696412154,53.28026589747097,1500.2421905482768,5.070853746628044,-4.4962143166959105
5.661507986854101,17.523517022066216,53.80759820349222,1509.1143149698967,5.040605663228563,-4.546490896125633
5.668368417521969,17.54108135575059,53.90015109026734,1510.6704625818154,5.0330966293965504,-4.560154201385726
5.675228848189837,17.558648820696096,53.99266948907779,1512.225744282817,5.025591773930602,-4.573809903764769
5.682089278857705,17.576219201035222,54.08515283476615,1513.780160695791,5.018091093825027,-4.587458008731864
5.688949709525573,17.59379230993314,54.1776006170052,1515.3337124412612,5.010594586085549,-4.601098521735343
5.70267057086131,17.628946104622198,54.36238781250468,1518.4382243920754,4.995614075822896,-4.628356793471711
5.716391432197046,17.66410901090339,54.54702791994572,1521.5392850356243,4.980650219496426,-4.655584762000111
5.730112293532782,17.69927998965302,54.73151842756517,1524.6368992131283,4.9657029937453165,-4.682782469827483
5.743833154868518,17.734458157010565,54.915857505325704,1527.7310716995821,4.950772375528311,-4.709949958879291
5.777892174870474,17.821807255908034,55.372779297342305,1535.3968294227682,4.913782032420409,-4.777256933500202
5.81195119487243,17.909190141323545,55.828762637596874,1543.0414794215676,4.876893542514171,-4.844378577835328
5.8460102148743855,17.99660729966129,56.28383310379512,1550.6650891017487,4.840106580549841,-4.911315483721575
5.880069234876341,18.084065195327423,56.73803503695147,1558.2677236890904,4.803420831786979,-4.978068223855082
5.914128254878297,18.17157411262979,57.19142142462411,1565.8494471224772,4.766835987694928,-5.044637359632783
5.952247363784177,18.26958960062378,57.69795148534567,1574.3102478425376,4.726009244546497,-5.118924979970073
5.990366472690057,18.367697930074055,58.20358230531335,1582.745023532167,4.6853080825656175,-5.1929840950341735
6.028485581595937,18.465907219410223,58.70834202340285,1591.1538647924049,4.644732064566081,-5.266815500321383
6.0666046905018165,18.56421769039662,59.212227468632676,1599.5368636776302,4.604280746348739,-5.340420004088621
6.104723799407696,18.662622375333694,59.715210889644396,1607.8941133479843,4.563953678378697,-5.41379842430164
6.142842908313576,18.76110900218666,60.2172495327168,1616.22570749384,4.523750408562481,-5.4869515835817335
6.186359046543183,18.873620569926132,60.789153001748055,1625.7056744289239,4.478005781319739,-5.570187698907534
6.22987518477279,18.986196901883524,61.3597019907262,1635.1524650211798,4.4324212431834615,-5.6531325189243296
6.2733913230023965,19.09882030053569,61.928859989468016,1644.5662122127403,4.386996152654753,-5.73578721089217
6.316907461232003,19.21148130671408,62.49662464323574,1653.9470446915645,4.341729888762808,-5.818152904718562
6.36042359946161,19.324179509610246,63.06302600228636,1663.29508719433,4.29662184960333,-5.900230695617925
6.403939737691217,19.436921649960475,63.6281154521395,1672.610461323252,4.251671448397058,-5.982021651283431
6.447455875920824,19.549718015663966,64.19195014767611,1681.8932866077175,4.2068781083669515,-6.063526821208394
6.49097201415043,19.66257841756839,64.75457814627862,1691.1436818880845,4.162241256060813,-6.144747248836295
6.534488152380037,19.77550884491583,65.31602794634186,1700.361766449844,4.117760315878502,-6.225683981518983
6.578004290609644,19.888509555780512,65.87630436926558,1709.5476604631756,4.073434707950897,-6.3063380743760575
6.621520428839251,20.001574744573343,66.4353905960032,1718.7014847761582,4.029263849137744,-6.386710588479219
6.665036567068857,20.114693883153848,66.99325568848612,1727.8233601669015,3.9852471566364223,-6.4668025842858246
6.708552705298464,20.227854142593507,67.5498648704549,1736.9134064911914,3.941384052094885,-6.546615114155031
6.752068843528071,20.341043064836366,68.10518939630768,1745.9717419851745,3.897673964976496,-6.626149216225219
6.795584981757678,20.45425078980126,68.65921361368814,1754.9984826546274,3.8541163355070465,-6.7054059090516525
6.846277351199185,20.58614354048043,69.30296317127465,1765.4741307122915,3.803567149122172,-6.797384315285673
6.896969720640692,20.7180515721701,69.94497486608992,1775.9072325404372,3.7532232652898525,-6.8889891566232
6.9476620900822,20.849978718077594,70.58529244754364,1786.2979590792256,3.7030838591555275,-6.980221933955013
6.998354459523707,20.981931465648724,71.22396286274234,1796.6464789785837,3.6531481169159323,-7.07108412806315
7.049046828965214,21.113915123737666,71.86102249596225,1806.9529597843843,3.6034152300953037,-7.161577210035824
7.099739198406722,21.245930898039205,72.49648855639997,1817.2175687863125,3.5538843914540883,-7.251702648711859
7.150431567848229,21.377974648892373,73.13035759012082,1827.4404733648323,3.504554793314686,-7.341461913727144
7.201123937289736,21.510037497724248,73.76261062227495,1837.6218406081457,3.4554256294097794,-7.430856472151442
7.251816306731244,21.64210784262094,74.39322240286327,1847.7618363217812,3.406496099661461,-7.519887779792372
7.302508676172751,21.77417395971375,75.02217133431373,1857.8606240463673,3.3577654149208733,-7.60855727257125
7.3532010456142585,21.90622631484153,75.64944697846367,1867.9183644785955,3.309232799762288,-7.696866361439029
7.403893415055766,22.03825893862188,76.27505324405563,1877.9352152337453,3.260897493629024,-7.7848164302912055
7.454585784497273,22.170269594945673,76.89900693204542,1887.91133087911,3.2127587506721467,-7.872408836261317
7.5052781539387805,22.302258861905035,77.52133272545437,1897.8468633267314,3.1648158378553743,-7.959644913169231
7.555970523380288,22.43422857190764,78.14205671015966,1907.7419626152416,3.117068031182374,-8.046525978385878
7.620591633790569,22.60243304200275,78.93104693902924,1920.297549433886,3.05648230944244,-8.156766686984989
7.685212744200849,22.770606053601536,79.71749095362091,1932.7879787680058,2.9962109985925496,-8.266435299084886
7.74983385461113,22.9387392685304,80.5013857662829,1945.2135540197075,2.9362526345963453,-8.375534478620255
7.814454965021411,23.106819101768654,81.28271226966237,1957.574575835841,2.8766057667126845,-8.48406686533404
7.8790760754316915,23.274830350514183,82.06145000552293,1969.8713411927606,2.8172689619120277,-8.592035066741467
7.943697185841972,23.442763839063993,82.83758035756168,1982.1041427134637,2.7672108657534067,-8.72140647313519
7.954958610532787,23.472021818459197,82.97256640148781,1984.229411633698,2.7593439751249957,-8.745915169746116
7.966220035223603,23.50127817035014,83.10747106288468,1986.3527484415608,2.751484236399369,-8.770401585150424
7.977481459914418,23.530533020161702,83.24229421743985,1988.4741546512882,2.743631643971434,-8.794865736810353
7.988742884605233,23.55978646185288,83.37703580122985,1990.5936317666171,2.735786192274962,-8.819307642067061
8.000004309296047,23.589038616117115,83.51169564208695,1992.7111812985422,2.727947875716857,-8.843727318345412
8.022527158677677,23.64753953846914,83.78076946530712,1996.940503630123,2.7122926257397513,-8.892500053366211
8.045050008059308,23.70603660138211,84.04951476832464,2001.1621336108146,2.696665849751299,-8.941184079851176
8.067572857440938,23.764530250310525,84.31793173508717,2005.376083030029,2.68106750411184,-8.989779533756334
8.090095706822568,23.82302054354633,84.58602158074126,2009.5823635000033,2.665497545837542,-9.03828654899453
8.134050619909424,23.937157230242775,85.10828403748799,2017.7691695136962,2.6351932832133853,-9.132697163525126
8.178005532996279,24.05127425861602,85.6293304757205,2025.9268948221875,2.6049966656618304,-9.226772418057642
8.221960446083134,24.165361921139795,86.14918977212973,2034.0556216525222,2.574907388811434,-9.320513260838048
8.26591535916999,24.279408591748343,86.66789100360879,2042.1554314730008,2.5449251510993194,-9.413920631362444
8.309870272256845,24.39340308096706,87.18545756284313,2050.226405661176,2.5150496512985208,-9.506995468080424
8.3538251853437,24.50733644224027,87.7019037261732,2058.268625842929,2.485280587262863,-9.599738712305308
8.397780098430555,24.62120314319388,88.21723339410761,2066.2821740533404,2.4556176553314746,-9.692151310069336
8.44173501151741,24.735001515777107,88.73144076819406,2074.2671327376497,2.426060550325245,-9.78423421213471
8.50691376400509,24.90362652254512,89.49184214461363,2086.055214013538,2.3824258153355635,-9.920174894683168
8.56002720564477,25.040939907566937,90.10959988526398,2095.6150250326177,2.347039240488796,-10.03041906458266
8.613140647284451,25.178177714339796,90.72563405152214,2105.1335336188886,2.311805550633901,-10.14018693297255
8.666254088924132,25.315349184441605,91.33992719799923,2114.6108803804523,2.2767242252962463,-10.24948012135179
8.719367530563813,25.45245855264648,91.95247836897654,2124.047202525023,2.2417947565880674,-10.35830021200589
8.772480972203494,25.589503785033347,92.56330279938396,2133.4426339229485,2.207016648975187,-10.466648748733723
8.84579268075341,25.77854547130293,93.4036261008597,2146.344080627733,2.159260683032004,-10.615428811397388
8.899608655547766,25.917211403524842,94.01846694559357,2155.765426455583,2.1243866506239266,-10.724076194494645
8.953424630342122,26.055775877361643,94.6316298071761,2165.1452431669986,2.089666342299316,-10.832244661956555
9.007240605136477,26.19422937809049,95.24312948970919,2174.4836633034265,2.055099267443053,-10.939935742257038
9.061056579930833,26.33256700306133,95.85296797592304,2183.7808189622347,2.0206849370838187,-11.04715095874887
9.114872554725189,26.470788693187046,96.46113629332334,2193.0368412726802,1.9864228658338523,-11.153891823620533
9.185378333120225,26.651707326096176,97.25536268833223,2205.101379359235,1.9417647989390698,-11.293020618522279
9.242622246733335,26.79846263499085,97.89804659557518,2214.8450561741374,1.9056976268783363,-11.405385137034614
9.299866160346445,26.945105045783045,98.53878949169076,2224.542682323409,1.8698009158573492,-11.517218597203254
9.357110073959555,27.09163771261072,99.17759011416055,2234.194407129748,1.8340741131435445,-11.628522721024272
9.414353987572666,27.23805964713901,99.81445810407244,2243.800376656655,1.798516678068602,-11.739299192908499
9.471597901185776,27.384365855145028,100.44941150893364,2253.3607342083633,1.7631280801778932,-11.849549665446801
9.543045958932325,27.566801586255288,101.23926441851602,2265.229560365759,1.719194460117444,-11.986421501594183
9.614494016678874,27.749028809456643,102.02620688204793,2277.0278225509664,1.675522039496852,-12.122479590846027
9.685942074425423,27.931033892795842,102.81026532435855,2288.7557908571725,1.6321098185397875,-12.257727047929093
9.757390132171972,28.112809391271075,103.591448168435,2300.413734342295,1.5889568013020712,-12.392166975631364
9.828838189918521,28.29435495454033,104.36974799693382,2312.0019208016834,1.5460619965130418,-12.525802462180842
9.91573115485202,28.51484183534642,105.31238718184058,2326.0014996673704,1.4942411870467125,-12.68724623422924
9.983123828759295,28.68562559524259,106.04051519284168,2336.7888582397245,1.454310724953094,-12.81164653762894
10.05051650266657,28.85621875330003,106.76605091558122,2347.5148884132946,1.414607275921708,-12.935339599180267
10.117909176573844,29.026620070332083,107.48900630357602,2358.1798010706198,1.3751300593502245,-13.058327850790135
10.18530185048112,29.19682413654562,108.20940250177499,2368.78380325808,1.335878308836232,-13.18061368012669
10.252694524388394,29.366822847520275,108.92726449147716,2379.327098995621,1.2968512691799599,-13.302199439957109
10.320087198295669,29.536607657618116,109.64261518827922,2389.809890151952,1.258048193144651,-13.42308745824041
10.387479872202944,29.70617164606,110.35547102393313,2400.23237712482,1.2194683389384597,-13.543280045972406
10.454872546110218,29.875510726897335,111.06584019775943,2410.5947592184857,1.1811109688171828,-13.662779501538788
10.539757395276958,30.088481369101476,111.957052631101,2423.56153592322,1.1331131774939431,-13.812312952695134
10.624642244443697,30.301095980713896,112.84431613277961,2436.4336633250114,1.0854657398164096,-13.960754903840268
10.709527093610436,30.51335868086597,113.7276265585047,2449.2115275133688,1.0381672266365272,-14.10810980737574
10.794411942777176,30.725271814279406,114.60698969422724,2461.895507645102,0.9912162344683066,-14.254382035754912
10.808693966821126,30.760892230435502,114.7545571707096,2464.020409315165,0.9833507032522988,-14.278886497220373
10.822975990865077,30.796502675182666,114.90201360156235,2466.142665721932,0.9754949637369248,-14.303360453390736
10.837258014909027,30.832103159096924,115.04935920211867,2468.262278465003,0.9680561672148107,-14.327357737976225
10.865822062996928,30.903278349897562,115.34372336127115,2472.4935812501726,0.9770363576275288,-14.349148439806124
10.888502898875299,30.959773014496342,115.57715250435294,2475.8458612968807,0.9841509780327871,-14.366412279965274
10.911183734753669,31.016254129207727,115.81031684541622,2479.1914917196277,0.9912514857894416,-14.383641875358597
10.93386457063204,31.072726433569095,116.04322229038844,2482.530478508238,0.9983378936098332,-14.400837256832972
10.967708696232332,31.15698516312711,116.39028981649965,2487.500539936231,1.0088859683405549,-14.426432477064731
11.001552821832625,31.241245226916995,116.73680762283792,2492.4558407029886,1.019402716183262,-14.451951681661562
11.035396947432918,31.325516036218485,117.0827886501798,2497.3964033660077,1.0298881850122432,-14.477394986791866
11.069241073033211,31.40980125514713,117.42823932585796,2502.3222498074297,1.0403424212684664,-14.502762505146048
11.11108612493158,31.51403039933425,117.85462483923409,2508.392279292926,1.0532249832967913,-14.534022428940853
11.152931176829949,31.618269857947116,118.28019402756648,2514.4398900598594,1.0660599655673613,-14.565166899024016
11.194776228728317,31.72249957431179,118.70492809281774,2520.465127374209,1.0788474641491963,-14.596196148509906
11.236621280626686,31.826694805450273,119.12880248403177,2526.4680376582783,1.0915875775654114,-14.627110416467817
11.278466332525054,31.930829383258413,119.55179051336103,2532.448667704733,1.1042804051251467,-14.657909943874362
11.32861372152626,32.05551041013532,120.05749871666266,2539.586609890449,1.11942942263516,-14.694669489987003
11.378761110527465,32.18003165754223,120.56185846326025,2546.692698081263,1.1345108356852358,-14.731264991846553
11.417989013241176,32.277308841453284,120.95543594267903,2552.2292949023945,1.146261281402917,-14.75977780140121
11.457216915954886,32.37446398957547,121.34816364925365,2557.746480698362,1.1579705306591472,-14.788190646504486
11.496444818668596,32.471495445423564,121.74004071831638,2563.2442888664714,1.1696386543337898,-14.816503699148495
11.535672721382307,32.56840702446206,122.131072488006,2568.7227514678207,1.1812657204708445,-14.844717124444047
11.593153899138606,32.71021516869758,122.70255349835666,2576.71553858991,1.1982289948874745,-14.885879019446634
11.650635076894906,32.85182440688855,123.27229222831669,2584.6669475929275,1.2151044515782052,-14.926827822099
11.695791721720232,32.96296773930517,123.71869544641638,2590.8845323148475,1.228300173450378,-14.958847637663219
11.740948366545558,33.074048137795295,124.16409736755048,2597.076677985166,1.2414419054430978,-14.990736445162915
11.786105011370884,33.1850873808381,124.60852613163557,2603.243427724994,1.254529739073282,-15.022494466666641
11.83126165619621,33.29610238124629,125.05200469139267,2609.384825245293,1.2675637671097013,-15.054121927280606
11.876418301021536,33.407104290468546,125.49454970505397,2615.5009150517144,1.2805440840077145,-15.085619056203576
11.949484569768712,33.58669405151585,126.20865914153588,2625.343642504227,1.3014335289828762,-15.13630792202107
12.022550838515889,33.76624541491013,126.92034827852652,2635.120429006572,1.3221830259754515,-15.186657199854336
12.0832875676997,33.91543277469979,127.51007225290758,2643.197393239587,1.3393249513945944,-15.228252596881763
12.14402429688351,34.06451909984096,128.09805945222743,2651.2290532601382,1.3563707266502814,-15.269614682648907
12.20476102606732,34.21346675656647,128.6842747295321,2659.2155266364102,1.3733206012601529,-15.31074406261782
12.26549775525113,34.36224587263056,129.26869086692295,2667.1569282606038,1.3901748190625471,-15.351641328469556
12.326234484434941,34.51083783749724,129.85129278773354,2675.0533696178013,1.4069336166647977,-15.392307054338916
12.386971213618752,34.65923708687639,130.43207983806488,2682.9049584068644,1.4235972226386542,-15.432741794862121
12.45725974024038,34.83074462588287,131.1019587712022,2691.9354801298277,1.4427629048683999,-15.479247898590556
12.527548266862008,35.002036121896595,131.76947121298716,2700.9062257490386,1.4618017229097187,-15.52544616255437
12.597836793483635,35.17315585965176,132.43467719823806,2709.817344697599,1.4807139939078913,-15.571337356316116
12.668125320105263,35.34415033588963,133.0976404068516,2718.668983779141,1.4995000294276157,-15.61692223589689
12.73841384672689,35.515058268583076,133.758416778645,2727.4612894968236,1.5181601403958869,-15.662201555770393
12.808702373348519,35.6859040731951,134.41704681281823,2736.194409638447,1.536694640466124,-15.707176077026062
12.878990899970146,35.856695515945475,135.07355251681452,2744.868494044861,1.5551038476489811,-15.751846571326311
12.949279426591774,36.02742489976537,135.72793835663873,2753.4836945727184,1.573388084233295,-15.79621382071468
13.019567953213402,36.19807278223713,136.38019511246773,2762.040164344655,1.5915476751947288,-15.84027861375438
13.08985647983503,36.3686133068737,137.0303056511962,2770.538056519637,1.6095829455860504,-15.884041739195718
13.160145006456657,36.53902018945733,137.6782515967378,2778.977522936433,1.6274942176581415,-15.927503978990138
13.230433533078285,36.70927223198986,138.32401962305659,2787.358712831512,1.645281808138963,-15.970666101687558
13.33161447993683,36.95405648821994,139.2497783730922,2799.321476563136,1.6706706544651744,-16.032272900059677
13.414843446130659,37.15515220621143,140.00791858457683,2809.07175290473,1.6913638883389175,-16.082485653744776
13.498072412324488,37.35603877445813,140.76306444753075,2818.7410319000487,1.711885219697192,-16.13228128081159
13.581301378518317,37.5567507531663,141.51527211100034,2828.3295319457384,1.7322351120481827,-16.18166090597666
13.664530344712146,37.75732458593362,142.26460072948447,2837.8374677691577,1.7524140211126604,-16.230625635060125
13.747759310905975,37.95779048391603,143.01110320767677,2847.2650524408596,1.7724223990951193,-16.279176565349776
13.830988277099804,38.15816774232581,143.75482064773703,2856.6124986422947,1.7922606973742534,-16.327314792129574
13.914217243293633,38.35846310884272,144.49578020830992,2865.880019347513,1.8119293679497468,-16.375041412190335
13.997446209487462,38.55867160887214,145.23399573910305,2875.0678277570805,1.8314288633020228,-16.422357523489396
14.080675175681291,38.7587794987414,145.96947086616552,2884.176136710233,1.8507596351446471,-16.469264222123297
14.17418127742688,38.98345453182793,146.79249182176324,2894.3145741952508,1.8722766722666426,-16.521475959139945
14.26768737917247,39.20795600535252,147.6120502431612,2904.353229376557,1.8935819391295374,-16.573173829260632
14.36119348091806,39.43226872920948,148.42815356981134,2914.2923916239997,1.91467604986956,-16.62435932270537
14.454699582663649,39.65639067568901,149.240823517716,2924.13234274077,1.9355596025640511,-16.675033890726795
14.548205684409238,39.88033275847741,150.0500962566804,2933.8733569415954,1.9562331791851801,-16.72519894549786
14.641711786154827,40.10411501215042,150.8560184421217,2943.515701754996,1.9766973475148286,-16.774855864758354
14.735217887900417,40.32776122407303,151.65864133507358,2953.0596394179456,1.9969526641045074,-16.824005998997244
14.828723989646006,40.55129386107378,152.45801511020272,2962.5054283298496,2.0169996773611674,-16.87265067894047
14.922230091391596,40.77473030407735,153.254184545011,2971.853324230649,2.0368389300475194,-16.920791221618057
15.03592830221424,41.046301295334366,154.2180180709877,2983.088326741982,2.060683232136408,-16.9786501369953
15.149626513036884,41.31774834424116,155.17723239655973,2994.1794171546735,2.0845773049189256,-17.01462369854065
15.169819162092914,41.36594328433889,155.3471103850423,2996.1341643882697,2.0888641355085746,-17.016462113493315
15.190011811148944,41.41413396598571,155.5168468769088,2998.0843884011692,2.0931410465134745,-17.018296274414347
15.210204460204974,41.46232033969696,155.68644324766396,3000.0300913810365,2.097408042731252,-17.02012618336122
15.230397109261004,41.51050232990978,155.855900725446,3001.9712755427336,2.1016651290191786,-17.021951842416982
15.250589758317034,41.5586798511602,156.02522039015972,3003.9079431291966,2.1059123102960937,-17.023773253691086
15.290975056429094,41.65502116552493,156.3634502245029,3007.767737602459,2.114376977611314,-17.02740334138319
15.331360354541154,41.75134361923172,156.70113960734446,3011.6094930301006,2.122802084654369,-17.031016463581945
15.371745652653214,41.847646589970694,157.03829402966008,3015.4332278676684,2.1311876718989335,-17.03461263764455
15.412130950765274,41.94392952680002,157.37491759478445,3019.2389608164663,2.1395337803576355,-17.038191881159346
15.452516248877334,42.04019197291748,157.71101296836943,3023.026710844603,2.1478404516282152,-17.041754211965603
15.563826915322727,42.3054039252777,158.63463792648096,3033.37364393567,2.1705316459276616,-17.051485371156883
15.67513758176812,42.57045650256643,159.55424149961084,3043.584521264383,2.192924465074591,-17.06108857163124
15.764873689969859,42.78402370901552,160.29263641305133,3051.7175239219046,2.210760430757897,-17.068737557361302
15.854609798171598,42.997498272545506,161.02834182238317,3059.7625867000565,2.228403541140808,-17.076303836751435
15.944345906373337,43.21088936956392,161.76132979941133,3067.719920449626,2.2458542586266406,-17.08378760810413
16.034082014575077,43.42420674230691,162.49159097058825,3075.589728247561,2.2631130285704044,-17.09118906241068
16.123818122776818,43.637459413637785,163.21913817844424,3083.3722041868677,2.2801802766250026,-17.098508382213094
16.226362794204167,43.88108093756541,164.0472540361626,3092.1588364683835,2.299449675449065,-17.106772098305015
16.328907465631517,44.12463500327799,164.87194715150025,3100.8319330597246,2.318470086444271,-17.11492903552195
16.431452137058866,44.368125317592295,165.69331139870144,3109.3917484459193,2.337242067705387,-17.12297943320384
16.533996808486215,44.61155217582717,166.5114450877948,3117.8385307946264,2.355766163472965,-17.13092352474922
16.636541479913564,44.854913546468374,167.3264385372431,3126.1725257169037,2.3740429123808378,-17.13876154115217
16.759047936321807,45.145558651081174,168.29606625954113,3135.9813373599927,2.395553987100376,-17.147986603954458
16.88155439273005,45.43610163305433,169.26140079959734,3145.6299504133717,2.4167137405836003,-17.157061002017254
16.983155124595466,45.67698540136817,170.05877123605612,3153.510810556799,2.433996748716286,-17.164472850914404
17.084755856460884,45.91780044085808,170.85321977411692,3161.2820233990583,2.451039296396265,-17.17178157791706
17.1863565883263,46.158550563686774,171.6447476650352,3168.943832051795,2.4678419167760692,-17.178987411668633
17.28795732019172,46.39924071831457,172.4333569988382,3176.496475680938,2.484405134355133,-17.18609057710165
17.389558052057136,46.63987662667555,173.21905285763918,3183.940188447122,2.5007294626561034,-17.193091294441206
17.491158783922554,46.880464555278145,174.00184522766628,3191.2751988494388,2.5168154027856593,-17.199989778587803
17.65843039455453,47.276471243200035,175.2843334290461,3203.1150670540183,2.54278065717992,-17.2111250242967
17.825702005186503,47.672388897892816,176.55914618864023,3214.661845131305,2.568103154443434,-17.221984622462404
17.96351927896535,47.99853545369068,177.60385864838605,3223.9558044953824,2.588485139702767,-17.230725473233655
18.101336552744197,48.324636807103886,178.6436293171329,3233.05189962155,2.6084332016122724,-17.239280235201544
18.239153826523044,48.65069421076106,179.6785789059642,3241.9506040435826,2.6279483786484525,-17.247649353718575
18.37697110030189,48.97670819384195,180.7088080067105,3250.6523862649833,2.6470316982562445,-17.255833269406345
18.514788374080737,49.302679847185445,181.7343969576761,3259.1577105920614,2.6656841786759893,-17.263832418939042
18.652605647859584,49.62861122116561,182.75541085799532,3267.4670360622426,2.683906826593178,-17.271647234035534
18.79042292163843,49.95450543080161,183.77190284266695,3275.5808154600954,2.7017006349805612,-17.27927814053396
18.928240195417278,50.28036680656565,184.78391570923787,3283.499494979251,2.719066582356729,-17.28672555807377
19.066057469196124,50.60620103639331,185.79148484008627,3291.2235133889367,2.7360056309582896,-17.293989899311843
19.2558200545512,51.05481513840381,187.17161219536828,3301.5410696197678,2.758632400752653,-17.303693429939084
19.445582639906277,51.50341020579016,188.54347882779518,3311.4914651450986,2.780453973989321,-17.31305165058485
19.635345225261354,51.95200472658635,189.90720915105618,3321.075737998981,2.8014726271140917,-17.322065537506987
19.82510781061643,52.4006139564669,191.26295014713298,3330.294881106967,2.821690537648211,-17.330736024539362
20.014870395971506,52.84924945623828,192.61085725894964,3339.149848368186,2.8411097975265838,-17.339064008812006
20.204632981326583,53.297920052881715,193.95107931618665,3347.641562061525,2.8597324293397897,-17.347050357716494
20.446571535608523,53.870016790005494,195.64886751023744,3357.942720850867,2.882323238958556,-17.35673846675822
20.688510089890464,54.44219631106303,197.33461746650053,3367.6566712288636,2.903626279531284,-17.3658743137452
20.930448644172404,55.014472782527164,199.0085182551231,3376.785173083408,2.923645410555061,-17.374459553829638
21.172387198454345,55.58686147073191,200.67071863460959,3385.3299435355775,2.9423843977378175,-17.382495801942113
21.414325752736286,56.159378994854855,202.32133511852106,3393.2926603654214,2.9598469205112035,-17.389984636013455
21.656264307018226,56.73204317823517,203.9604621094208,3400.674964862267,2.9760365782814104,-17.396927599655438
21.95934507612503,57.44966484887052,205.9977429619486,3409.106399841259,2.9945270167183446,-17.404857257194475
22.26242584523183,58.167580573512,208.01729348673385,3416.6326132255263,3.011032271825188,-17.411935565317783
22.565506614338634,58.885821878224384,210.01931228329425,3423.2566515928324,3.025559024855929,-17.41816538929307
22.868587383445437,59.60441431642501,212.00406218285406,3428.981526907627,3.0381138811563204,-17.423549561834648
23.17166815255224,60.32337591350053,213.9719137777366,3433.8102273398845,3.048703393889979,-17.42809089327844
23.474748921659042,61.04271584478224,215.92340433626805,3437.745710840656,3.0573340499493455,-17.431792165539854
23.777829690765845,61.762432643798014,217.85931143865776,3440.7908677580554,3.064012187971197,-17.434656096954587
24.080910459872648,62.482511752422205,219.78073212027067,3442.948434298058,3.0687438085530925,-17.436685260889615
24.30835213636184,63.02310300459192,221.21399318431082,3443.9860618560324,3.0710193628957394,-17.437661136432546
24.535793812851033,63.56386264367562,222.6407054126856,3444.5260442369467,3.072203563568128,-17.438168983005333
24.669149295823626,63.880994233213166,223.4745356077938,3444.611451849424,3.072390865516669,-17.4382493077804
24.67,63.88301743409146,223.47984896293212,3444.611448286611,3.0723908577032923,-17.43824930442962
24.681630608706072,63.91072382383874,223.55093489202545,3444.610393892081,3.0723885453783804,-17.43824831278495
24.693261217412143,63.938475414126295,223.62048130631536,3444.608386399675,3.0723841428757415,-17.438246424763832
24.716522434824284,63.994067998747795,223.75652902197723,3444.60247566089,3.0723711804142035,-17.43824086578906
24.739783652236426,64.04983741500551,223.8865537422627,3444.592794043724,3.0723499482815217,-17.438231760351048
24.763044869648567,64.10577978355937,224.01068738720292,3444.579382109749,3.0723205354306717,-17.43821914659744
24.881107576259474,64.39225910715267,224.55410203671929,3444.4550981797415,3.072047976327479,-17.438102259139374
24.99917028287038,64.6826556801957,224.9640212525171,3444.240404002027,3.0715771443177804,-17.437900341991327
25.117232989481288,64.97659950803408,225.2529616776956,3443.9392844067274,3.0709167782765414,-17.437617142835432
25.235295696092194,65.27377240856806,225.43165180075607,3443.555256958838,3.0700745923495925,-17.437255969896906
25.41466327192105,65.73082688468668,225.51252695290026,3442.8201151081166,3.068462399980554,-17.436564578320816
25.594030847749906,66.19391595515793,225.38643352046992,3441.9103668571956,3.0664672895315404,-17.435708971642413
25.77339842357876,66.6623959852942,225.07470935945562,3440.8345240668204,3.0641079278175716,-17.434697155158652
25.952765999407617,67.13573388219548,224.59486625740138,3439.6004099026673,3.0614014713207496,-17.433536486457513
26.132133575236473,67.6134917175774,223.96111014123014,3438.2153711716455,3.0583640318513665,-17.432233875117607
26.434113249198667,68.42682295665212,222.57822473580538,3435.5622325017957,3.0525456038658882,-17.429738631887016
26.73609292316086,69.25022239089803,220.8365500336166,3432.534591676529,3.0459058792605003,-17.426891174134525
27.038072597123055,70.08251411415873,218.77152164446568,3429.1656672661165,3.038517707547781,-17.423722743503674
27.34005227108525,70.92271830841969,216.41140073704972,3425.4884128337976,3.0304533570704124,-17.420264332402258
27.642031945047442,71.76995604090271,213.7805929664505,3421.5354264006237,3.0217843164543416,-17.416546598855167
27.944011619009636,72.62341425423736,210.90094105446082,3417.3383448841146,3.012579966591101,-17.41259929698161
28.367613358351427,73.82962942620271,206.4801382871979,3411.096739673294,2.9988919031492447,-17.40672914653403
28.791215097693218,75.04458308307241,201.66011995470134,3404.5100944679953,2.984447154660054,-17.40053449035281
29.21481683703501,76.26640417528805,196.48801841531255,3397.645455583626,2.969392756090951,-17.39407838464627
29.6384185763768,77.49335050144815,191.0073989431365,3390.5599273603775,2.9538539393021632,-17.38741453532127
30.06202031571859,78.72382486487349,185.25804887663298,3383.3010442130567,2.937934948965303,-17.380587647891367
30.601570452814553,80.2939505806873,177.60214954341512,3373.8647455942137,2.9172408086298813,-17.371712928858372
31.141120589910514,81.86485167149088,169.6333956416312,3364.2720022597723,2.89620357943832,-17.362691075556825
31.680670727006476,83.43429973808774,161.4073857050074,3354.5690146293164,2.874924580563002,-17.353565538894713
32.22022086410244,85.00042396245846,152.97092200106263,3344.7894860951537,2.853477724748573,-17.344368016484545
32.759771001198395,86.56166916375363,144.3630372043864,3334.957699919411,2.8319162660573016,-17.335121346426018
33.34633847916147,88.25193714817961,134.84815547645064,3324.229891665923,2.8083897989056714,-17.325031978980668
33.93290595712454,89.93358730284334,125.2026726105762,3313.47605440473,2.7848062492092858,-17.31491813158408
34.51947343508761,91.60554463301283,115.45391872942498,3302.7067527149975,2.761188785468069,-17.304789740088808
35.106040913050684,93.26695009462036,105.62384448623833,3291.929103643604,2.737553015620347,-17.294653497987078
35.692608391013756,94.91711901043173,95.73003997121668,3281.147873693955,2.7139093927785503,-17.284513888114816
36.41154378740933,96.92356374346983,83.53688476035394,3267.933377329328,2.6849295296693594,-17.27208582207583
37.1304791838049,98.91153849965539,71.28921658432586,3254.7220683720234,2.6559566566584163,-17.259660753752957
37.849414580200474,100.88045395380173,59.002508073261325,3241.5162774430364,2.6269958848809107,-17.247240875065653
38.568349976596046,102.82987455552927,46.68833158363615,3228.3172706170744,2.598049990883955,-17.2348273767411
39.28074912504675,104.74201956110011,34.46769258094867,3215.245756829727,2.569383693680132,-17.222533784000515
39.99314827349746,106.63446230962003,22.235260266834104,3202.1822087155497,2.5407348654824435,-17.2102476828744
40.70554742194817,108.5070255617181,9.995984248350286,3189.1268992691753,2.5121041049778805,-17.197969330110745
41.417946570398875,110.35957839851535,-2.2463784271656415,3176.0799748658624,2.4834917331726203,-17.185698863373617
42.72353499511569,113.70245124426462,-24.681693650970274,3152.191361401303,2.431103149531669,-17.163231925737453
44.02912341983251,116.9774167782171,-47.10577965272701,3128.3314039517513,2.378777409556437,-17.140791938719545
45.334711844549325,120.18429263037616,-69.5116728790541,3104.4999913480247,2.3265142694489302,-17.11837879776668
46.64030026926614,123.32299942340669,-91.89511546869986,3080.696986223586,2.2743134279594206,-17.095992373687388
48.126600643845194,126.81314856371812,-117.34579211680652,3053.633825964263,2.2149629496682706,-17.070539815099767
49.612901018424246,130.21496286438727,-142.76172504501582,3026.6072815298635,2.1556927711906466,-17.045121693230556
51.0992013930033,133.52850582790487,-168.14143517035092,2999.617125782928,2.096502394405976,-17.019737794459857
51.45264413398375,134.30348292397377,-174.17129940458506,2993.2041871690835,2.082438590684002,-17.01370650712225
51.80608687496421,135.07347628623302,-180.198930569297,2986.793291007816,2.0685463623042883,-16.99773025858106
52.15952961594466,135.83849670088452,-186.22381954269582,2980.384455492766,2.0549447445116176,-16.964725524371353
52.76384644303359,137.13505180443394,-196.5164938163379,2969.431450183639,2.0316989315170435,-16.908318860761977
53.36816327012252,138.41720529107613,-206.79367295387686,2958.484646364035,2.008466280085135,-16.851944134079822
53.97248009721145,139.6850359237744,-217.05109437187855,2947.54413522302,1.9852469837485243,-16.79560181393764
54.57679692430038,140.93860163260703,-227.28578767840474,2936.6099438754927,1.962041100053781,-16.739292039973904
55.24744646510072,142.31312554066582,-238.61435410762041,2924.4829606091507,1.9363037268633554,-16.676839530694913
55.91809600590106,143.67019108778055,-249.90968686776282,2912.3637622134966,1.910582875681556,-16.61442711256623
56.588745546701404,145.0098439763987,-261.1697634378601,2900.2523423918315,1.8848785331447548,-16.552054753160604
57.9132273458286,147.60453252846378,-283.29889014244526,2876.355997376765,1.8341627750677305,-16.428991442524275
59.2377091449558,150.1316902363613,-305.2759444342601,2852.4897625541385,1.783510920538904,-16.306083195767517
60.562190944083,152.59147464744703,-327.0968747739812,2828.653443245018,1.7329225563867343,-16.183329010317166
61.8866727432102,154.98401429550526,-348.7594303239563,2804.846840245005,1.6823972598351822,-16.060727860294467
63.26083953502919,157.39536714543112,-371.0651491708197,2780.1784310603407,1.6300429323610146,-15.933688511788144
64.63500632684818,159.73457883900528,-393.19749422466873,2755.5417069226537,1.5777558507847507,-15.806812337473364
66.00917311866718,162.00175649253885,-415.155940288488,2730.936489988907,1.5255356376660565,-15.68009842147982
66.92977300746436,163.48036794451855,-429.76922757286525,2714.470175091506,1.490588801979253,-15.595298874771867
67.85037289626155,164.92672455235137,-444.3043580432187,2698.0178655870345,1.4556716902573128,-15.51057145415766
68.77097278505873,166.34085467790752,-458.7613682264592,2681.5795184891736,1.4207842112693903,-15.425915938262806
69.5719392093395,167.5450210709657,-471.2761380737262,2667.288685174723,1.390454449766625,-15.352319860773996
70.37290563362028,168.72483248750612,-483.7318224276291,2653.0083542324214,1.36014697768782,-15.278777869242068
71.17387205790105,169.88030727648317,-496.12845303924223,2638.7384939950425,1.3298617278248988,-15.205289800584609
72.543197864003,171.79938760859818,-517.1849688963274,2614.3670098275984,1.2781375710873375,-15.07977958030299
73.91252367010496,173.6474828019675,-538.0691800606762,2590.0258854863546,1.2264778477013984,-14.954425709484866
75.28184947620692,175.42468267776823,-558.7812836621739,2565.714969154652,1.174882235463123,-14.82922740629265
76.70456572296682,177.1961645866217,-580.1188474903439,2540.4880184008525,1.1213425024770092,-14.699311635698244
78.12728196972672,178.89131477363858,-601.2710861846452,2515.29334029406,1.0678712624657445,-14.569562065365055
79.54999821648663,180.51022800798404,-622.2382282828578,2490.130776836761,1.0144681801076034,-14.439977881624843
80.1190847151906,181.1364700362868,-630.5733137253088,2480.0747052507263,0.9931259500117028,-14.388190319108773
80.68817121389456,181.75053684872861,-638.8788383236225,2470.0237341895563,0.9717945448760602,-14.336429023683985
81.05068301007056,182.1359138981222,-644.1534912982239,2463.623873546555,0.98481851915654,-14.274313628932639
81.41319480624655,182.51800288402026,-649.4143511052991,2457.226127080084,1.0085004030070224,-14.20053452942787
81.77570660242255,182.8980992488618,-654.6600035903283,2450.830530263983,1.0321743297165584,-14.126780219787683
82.19835308077509,183.34058148680333,-660.7546026190894,2443.376771235711,1.0597651472774152,-14.040823136006154
82.62099955912764,183.78398910863731,-666.8245649570645,2435.926019813799,1.087344831889374,-13.954900736076201
83.04364603748019,184.22991989472854,-672.8681488910927,2428.4783045880436,1.1149132777245063,-13.86901334969665
83.72168101644452,184.95334070586526,-682.5055221117158,2416.5366055543686,1.1591166438589737,-13.731301140268084
84.39971599540885,185.69126148336176,-692.0662953305405,2404.6028019914497,1.203290784136748,-13.593679981762778
85.07775097437319,186.4478678325164,-701.5459262325352,2392.6768989266093,1.2474356799487036,-13.456149932156038
85.75578595333752,187.22591471332677,-710.9414383787187,2380.7588647536973,1.291551448288094,-13.318710626964322
86.51832912542211,188.1288943076162,-721.4049634630686,2367.364747154249,1.3411310837006878,-13.16424906142289
87.2808722975067,189.06352701086323,-731.7572376065256,2353.980459633528,1.3906743321160977,-13.0099008567907
88.0434154695913,190.03140367745132,-741.9965767580991,2340.605939867948,1.4401814242311688,-12.855665294349365
88.80595864167589,191.0337022789786,-752.1217488467619,2327.2411301764682,1.4896525735579127,-12.701541708918523
89.97688693423112,192.64159817851666,-767.4454325783231,2306.73749332524,1.5655487893532702,-12.465092848154137
91.14781522678635,194.33480612973113,-782.4957181813811,2286.2564615341294,1.641361330309222,-12.228904669957977
92.31874351934158,196.11471015608532,-797.2712944246595,2265.7978866868066,1.7170907446928398,-11.992975466245877
93.48967181189681,197.98210185581416,-811.7714966693106,2245.361638495044,1.7927375147787317,-11.757303734528147
95.1346045385355,200.75394028421204,-831.6759766259091,2216.6900682092382,1.8988681345020775,-11.426661898662882
96.77953726517418,203.6999126751605,-851.0363345795533,2188.062026898082,2.00483762747131,-11.096522040887692
98.42446999181287,206.82024979781906,-869.8528627863216,2159.477231194622,2.1106470425969013,-10.766880893402147
100.06940271845156,210.11492271927114,-888.1261331686596,2130.935410659077,2.216297380938137,-10.437735337482547
102.91565101032369,216.22703140930363,-918.4634844003947,2081.6498797085796,2.398732590835236,-9.869372381682592
105.76189930219581,222.8596035756322,-947.1803218270359,2032.4909008393468,2.58069935583455,-9.302468830165862
108.60814759406794,230.01141303095812,-974.2807115557586,1983.4571732573054,2.7622024909524763,-8.737009682116703
109.10452199878095,231.31173745328954,-978.8416878277598,1974.9186151038514,2.793808798501614,-8.638542646117005
109.60089640349396,232.62813977798618,-983.3544731888098,1966.3838089811316,2.8340976979308854,-8.561413796081197
110.30279628619144,234.51796133800147,-989.6558487313064,1954.3215095878552,2.892303110799332,-8.455504255439513
111.00469616888891,236.44255761638448,-995.8674773247529,1942.266636222349,2.9504726901174543,-8.349659916892744
111.70659605158639,238.40340805945561,-1001.9930905671055,1930.2191688462171,3.0086065325785167,-8.243880604499534
112.4425733469097,240.49966842403327,-1008.3269595388151,1917.594742503651,3.0695244325193807,-8.133035470316308
113.178550642233,242.63802288167903,-1014.5719727970901,1904.9784613378756,3.130403028728632,-8.022261852508546
113.91452793755631,244.8191789146841,-1020.7299873245922,1892.3703320674579,3.191242288786501,-7.9115598100666835
115.38392226677406,249.30388228195542,-1032.7696792644238,1867.2223085818127,3.312591547504393,-7.690754843403729
116.85331659599181,253.96359988492858,-1044.4748580558733,1842.106720352729,3.433784293153085,-7.470234665155571
118.32271092520956,258.7999705171573,-1055.850528623714,1817.0234740730323,3.5548209759769662,-7.249998456065477
119.82548240306909,263.9296264868025,-1067.1465504364471,1791.403782956579,3.6784462194215486,-7.025052147815338
121.32825388092861,269.2449640053212,-1078.102248783765,1765.817632933456,3.8019096136927955,-6.800400337460783
122.83102535878814,274.74599429927144,-1088.7187020224696,1740.2648625454985,3.925211937890843,-6.576041607364967
124.59532362512063,281.4412123535404,-1100.7509161529897,1710.3075177931469,4.06976809280812,-6.313009782492947
126.35962189145312,288.3919990008171,-1112.3177267958283,1680.3956730781579,4.214104691870092,-6.050377457575218
128.1239201577856,295.59804275753805,-1123.4200446933673,1650.5290520383292,4.358223068634779,-5.788142206093174
131.13850120914591,308.5002447467754,-1141.3176278424278,1599.6010332383696,4.603971102585585,-5.34098342640799
134.15308226050624,322.14474819802086,-1157.8650307795333,1548.8029132069157,4.849092323090176,-4.89496518539241
134.90672752334632,325.6716830122498,-1161.791284225669,1536.1235574968107,4.910275279170999,-4.783637759741023
135.6603727861864,329.2448708461589,-1165.6334433028367,1523.452224338518,4.971419523234712,-4.672380773791844
136.41401804902648,332.86427480166964,-1169.3915437716735,1510.7888842892587,5.032525197354484,-4.561193969031048
136.7908406804465,334.6912995411714,-1171.2390871517503,1504.4602056120937,5.063063599967957,-4.505626831314255
137.16766331186653,336.52959518038153,-1173.0662349263928,1498.1334966552267,5.074506742944738,-4.4920397263406056
137.54448594328656,338.3784519486925,-1174.8745461845112,1491.8087151678435,5.085463479507336,-4.479518529269915
138.29444173952834,342.0858325343422,-1178.4254454695915,1479.2266663155792,5.107259994527972,-4.454609793126772
139.04439753577012,345.8260642516219,-1181.9214602472669,1466.6519270758508,5.129043846739768,-4.429715527854956
139.7943533320119,349.59476481325095,-1185.372211825903,1454.0844288492121,5.15081515498099,-4.404835597647848
140.88663626279433,355.1289181015113,-1190.3297437942852,1435.79333833046,5.182501729553783,-4.368624647201575
141.97891919357676,360.7092578928152,-1195.2224150987229,1417.5177955424797,5.2141613700118485,-4.332444476664675
143.0712021243592,366.3320792986054,-1200.0583307016343,1399.257902027782,5.245793900447995,-4.296295287061295
144.16348505514162,371.99485653940195,-1204.8430036103493,1381.0136739223888,5.2773992929089815,-4.260177110335986
145.58751464059688,379.43407521056554,-1211.0114389655962,1357.251755821092,5.318563256814657,-4.213135539031512
147.01154422605214,386.93544143856707,-1217.1053096060239,1333.5162936812285,5.359681389729884,-4.166146342707496
148.4355738115074,394.49731486731804,-1223.1281450607255,1309.8072343847516,5.400753783673722,-4.119209416205911
149.8841224035638,402.2504735852111,-1229.1839109460168,1285.7169495981211,5.442486593676976,-4.071517775964397
151.3326709956202,410.06475958754993,-1235.169278894629,1261.6537661980747,5.484172454587384,-4.023879788454283
152.7812195876766,417.939886653753,-1241.0848036239524,1237.6175485912663,5.5258116013001075,-3.97629518524084
154.27449294030427,426.1216353318972,-1247.1102575446264,1212.8672970207963,5.568687704902518,-3.927297005923304
155.76776629293195,434.3676603042067,-1253.0621662493625,1188.1454524163698,5.611514597691227,-3.878355063998431
157.26103964555963,442.6778367926386,-1258.9407252251274,1163.451894595784,5.654292487863899,-3.8294691215409973
159.03117099767024,452.6117037016892,-1265.8143763263463,1134.2165241045075,5.704938388188178,-3.7715917330357716
160.80130234978085,462.63542938419056,-1272.5853463234557,1105.0204992399588,5.755516128107578,-3.713792237236738
162.57143370189146,472.74887785562737,-1279.2538053520723,1075.8635993897644,5.8060260897999925,-3.6560701973966343
163.19285509419527,476.3205568062549,-1281.5705458540938,1065.6370362300304,5.823742078677314,-3.6358246263940104
163.81427648649907,479.9032722557845,-1283.8746778806305,1055.4152598504318,5.841449775175044,-3.6155885318005763
164.64600135743348,484.7144864572425,-1286.9404166708646,1041.7416827423033,5.852976688820499,-3.6038087003830825
165.47772622836789,489.5424043106133,-1289.9874218593222,1028.0766740419442,5.863988225649601,-3.592675168818883
166.3094510993023,494.3852264829735,-1293.0179540652011,1014.4202304862278,5.8749928605141495,-3.581548615684798
167.2480615539907,499.8662920051326,-1296.4206846657944,999.0190654475189,5.887403426782605,-3.5690005550985355
168.18667200867912,505.3627726354605,-1299.8069145925788,983.6287845691992,5.899805222377318,-3.5564613623546504
169.12528246336754,510.87349899215974,-1303.1781112364738,968.2493679072728,5.912198263369561,-3.543931021203822
170.45861356335905,518.7249632022704,-1307.9427047262757,946.4209737067639,5.929788019214557,-3.5261463917786853
171.79194466335056,526.6019303329173,-1312.6810278654366,924.6143860762487,5.947360202890089,-3.5083795292017554
173.12527576334207,534.5032212183537,-1317.3945552065563,902.8295181889331,5.964914884362923,-3.490630362731121
174.45860686333359,542.4284093473041,-1322.0838161113356,881.0662840376733,5.98245213293933,-3.472898822292676
176.72523292425683,555.955416511093,-1330.0002666092316,844.1187250573438,6.012225213614106,-3.442795891284896
178.30280977726457,565.4077759570624,-1335.4712401692962,818.4397735198693,6.024462397253869,-3.4276239144706757
179.8803866302723,574.8859322540176,-1340.9137625170047,792.7908836863419,6.033433045357227,-3.4146812761336283
181.45796348328005,584.3856650083931,-1346.3307518566153,767.1720247498491,6.042393190214197,-3.4017537916313776
183.0355403362878,593.9038670840222,-1351.7243560182424,741.583118843372,6.051342859058613,-3.3888414216715925
184.61311718929554,603.4385448715692,-1357.0959556291057,716.0240547776565,6.060282090778694,-3.375944110147272
186.19069404230328,612.9885327141369,-1362.4463621530151,690.4947041418437,6.069210930285883,-3.3630617922612522
188.29936845517847,625.776334060281,-1369.565711469822,656.4169283658167,6.081129564449624,-3.345865869550259
190.40804286805366,638.5871879272873,-1376.6474648681424,622.391656274407,6.08809377159152,-3.3267455781254527
190.53666661034256,639.3693250546347,-1377.078117339061,620.3179969198897,6.078134540438858,-3.321476401111243
190.66529035263147,640.1514029377765,-1377.508574783751,618.2445312164549,6.06817623934054,-3.316207716165237
190.88083501962777,641.4615232286948,-1378.2292586165777,614.7704087929009,6.051490958706837,-3.307379956688318
191.09637968662406,642.7709495348962,-1378.9491862653438,611.296829014897,6.034808284254547,-3.2985535760759914
191.77858923698162,646.9101590029501,-1381.223328183326,600.3054930456703,5.982019837899727,-3.2706245458240644
192.46079878733917,651.0358224000312,-1383.487289196615,589.3195847609882,5.929257459261807,-3.24270930734106
193.14300833769673,655.1423758856977,-1385.7388707746945,578.3390962767783,5.876521110475697,-3.2148078405935188
194.24062963882616,661.7002846613408,-1389.3319093159976,560.683710011184,5.791727013255454,-3.169945430919044
195.3382509399556,668.1850135646317,-1392.8835356934967,543.0422762484969,5.706999926174223,-3.1251184746122833
196.43587224108504,674.5900194096436,-1396.3911685757303,525.4147179894503,5.622339479425126,-3.08032677601778
197.53349354221447,680.9110126781235,-1399.8531186138957,507.8009418709015,5.537745224609962,-3.035570097899403
198.92903711768327,688.8208911513321,-1404.1866115132048,485.4261353404167,5.430285014355184,-2.9787156217719764
200.32458069315206,696.5860150759,-1408.4427492781977,463.07340549021615,5.322930832490054,-2.92191724258065
200.57837951592828,697.9824673587862,-1409.2084010162719,459.0106185599962,5.303418353705178,-2.9115936841525447
