# Time (s), Z (m), Wind Velocity X (East) (m/s), Wind Velocity Y (North) (m/s)
0.000000,381.474487,1.447800,-1.129813
0.001358,381.474487,1.447800,-1.129813
0.002716,381.474487,1.447800,-1.129813
0.005433,381.474487,1.447800,-1.129813
0.008149,381.474487,1.447800,-1.129813
0.010865,381.474487,1.447800,-1.129813
0.038028,381.474487,1.447800,-1.129813
0.039503,381.474487,1.447800,-1.129813
0.040978,381.474487,1.447800,-1.129813
0.043928,381.474487,1.447800,-1.129813
0.046878,381.474487,1.447800,-1.129813
0.049828,381.474487,1.447800,-1.129813
0.050761,381.474487,1.447800,-1.129813
0.051694,381.474487,1.447800,-1.129813
0.053561,381.474487,1.447800,-1.129813
0.055427,381.474487,1.447800,-1.129813
0.057293,381.474488,1.447800,-1.129813
0.059645,381.474499,1.447800,-1.129813
0.061997,381.474541,1.447800,-1.129813
0.064349,381.474641,1.447800,-1.129813
0.069053,381.475120,1.447800,-1.129813
0.073758,381.476166,1.447801,-1.129813
0.078462,381.477994,1.447803,-1.129814
0.083166,381.480824,1.447806,-1.129816
0.086228,381.483312,1.447808,-1.129817
0.089290,381.486378,1.447811,-1.129819
0.092352,381.490082,1.447814,-1.129821
0.095436,381.494533,1.447818,-1.129823
0.098521,381.499799,1.447823,-1.129826
0.100854,381.504379,1.447827,-1.129828
0.103186,381.509505,1.447831,-1.129831
0.105519,381.515188,1.447837,-1.129834
0.110184,381.528236,1.447848,-1.129841
0.114850,381.543544,1.447862,-1.129848
0.119515,381.561137,1.447878,-1.129858
0.125928,381.589091,1.447903,-1.129872
0.132341,381.621466,1.447933,-1.129889
0.138754,381.658321,1.447966,-1.129908
0.151580,381.745662,1.448045,-1.129954
0.153484,381.760194,1.448058,-1.129961
0.155387,381.775130,1.448071,-1.129969
0.157291,381.790467,1.448085,-1.129977
0.161098,381.822332,1.448114,-1.129993
0.164905,381.855764,1.448144,-1.130011
0.168712,381.890739,1.448176,-1.130029
0.172519,381.927232,1.448209,-1.130048
0.198305,382.211878,1.448465,-1.130196
0.199790,382.230236,1.448482,-1.130206
0.201275,382.248795,1.448499,-1.130215
0.202760,382.267556,1.448516,-1.130225
0.205730,382.305678,1.448550,-1.130245
0.208700,382.344605,1.448585,-1.130265
0.211670,382.384337,1.448621,-1.130286
0.241371,382.826176,1.449020,-1.130516
0.271071,383.349439,1.449492,-1.130788
0.300772,383.954978,1.450039,-1.131103
0.401281,386.625163,1.452449,-1.132492
0.401447,386.630375,1.452454,-1.132495
0.401613,386.635589,1.452459,-1.132497
0.401876,386.643866,1.452466,-1.132502
0.402139,386.652150,1.452474,-1.132506
0.402402,386.660440,1.452481,-1.132510
0.402664,386.668717,1.452489,-1.132514
0.402927,386.677000,1.452496,-1.132519
0.403189,386.685291,1.452504,-1.132523
0.403451,386.693567,1.452511,-1.132527
0.403713,386.701850,1.452518,-1.132532
0.403974,386.710140,1.452526,-1.132536
0.404236,386.718417,1.452533,-1.132540
0.404497,386.726700,1.452541,-1.132545
0.404758,386.734990,1.452548,-1.132549
0.405018,386.743266,1.452556,-1.132553
0.405279,386.751549,1.452563,-1.132558
0.405539,386.759838,1.452571,-1.132562
0.405799,386.768114,1.452578,-1.132566
0.406059,386.776397,1.452586,-1.132570
0.406319,386.784686,1.452593,-1.132575
0.406578,386.792962,1.452601,-1.132579
0.409171,386.876082,1.452676,-1.132622
0.411764,386.959858,1.452751,-1.132666
0.414356,387.044288,1.452828,-1.132710
0.428836,387.527934,1.453264,-1.132961
0.443316,388.032159,1.453719,-1.133224
0.454225,388.425669,1.454075,-1.133428
0.465134,388.830956,1.454440,-1.133639
0.473990,389.168647,1.454745,-1.133815
0.482845,389.514151,1.455057,-1.133995
0.491701,389.867495,1.455352,-1.134059
0.504197,390.379488,1.455750,-1.134008
0.516694,390.907184,1.456160,-1.133955
0.529191,391.450628,1.456582,-1.133901
0.541687,392.009854,1.457016,-1.133845
0.556626,392.699111,1.457552,-1.133776
0.571564,393.411013,1.458105,-1.133705
0.586503,394.145612,1.458676,-1.133631
0.601442,394.902956,1.459264,-1.133556
0.618512,395.796262,1.459958,-1.133466
0.635582,396.719401,1.460675,-1.133374
0.652652,397.672441,1.461416,-1.133279
0.669722,398.655446,1.462179,-1.133180
0.686792,399.668479,1.462966,-1.133079
0.703862,400.711600,1.463777,-1.132975
0.720932,401.784869,1.464610,-1.132868
0.738002,402.888347,1.465468,-1.132757
0.763248,404.575856,1.466779,-1.132588
0.788494,406.329770,1.468141,-1.132413
0.808624,407.775991,1.469265,-1.132268
0.828754,409.264669,1.470421,-1.132120
0.848884,410.795911,1.471611,-1.131966
0.869014,412.369827,1.472834,-1.131809
0.889144,413.986526,1.474090,-1.131647
0.909274,415.646115,1.475379,-1.131481
0.932018,417.572914,1.476876,-1.131289
0.949610,419.101084,1.478063,-1.131136
0.967203,420.662265,1.479276,-1.130980
0.984796,422.256529,1.480515,-1.130820
1.002388,423.883952,1.481779,-1.130658
1.019981,425.544588,1.483069,-1.130492
1.022814,425.815092,1.483279,-1.130464
1.025647,426.086457,1.483490,-1.130437
1.028479,426.358684,1.483702,-1.130410
1.031312,426.631772,1.483914,-1.130383
1.034145,426.905721,1.484127,-1.130355
1.039348,427.411104,1.484519,-1.130305
1.044550,427.919393,1.484914,-1.130254
1.049753,428.430588,1.485311,-1.130203
1.054956,428.944688,1.485711,-1.130151
1.070075,430.455105,1.486884,-1.130000
1.085193,431.990053,1.488077,-1.129847
1.100312,433.549529,1.489288,-1.129691
1.115431,435.133528,1.490519,-1.129533
1.127146,436.377824,1.491486,-1.129408
1.138861,437.636838,1.492464,-1.129282
1.150577,438.910567,1.493453,-1.129155
1.162292,440.199008,1.494454,-1.129026
1.177041,441.841958,1.495731,-1.128862
1.191790,443.508212,1.497025,-1.128695
1.206538,445.197763,1.498338,-1.128526
1.221287,446.910605,1.499668,-1.128355
1.236036,448.646732,1.501017,-1.128181
1.250785,450.406139,1.502384,-1.128005
1.265533,452.188818,1.503769,-1.127827
1.280282,453.994765,1.505172,-1.127646
1.303855,456.929578,1.507452,-1.127353
1.327429,459.923794,1.509778,-1.127054
1.345033,462.198499,1.511546,-1.126826
1.362636,464.506307,1.513339,-1.126595
1.380240,466.847204,1.515157,-1.126361
1.397844,469.221179,1.517001,-1.126124
1.415448,471.628217,1.518872,-1.125883
1.433052,474.068303,1.520767,-1.125639
1.454356,477.065550,1.523096,-1.125339
1.475661,480.111149,1.525462,-1.125035
1.496966,483.205070,1.527866,-1.124725
1.518270,486.347272,1.530307,-1.124411
1.535320,488.896630,1.532287,-1.124156
1.538096,489.314614,1.532612,-1.124114
1.540872,489.733415,1.532937,-1.124072
1.543648,490.153032,1.533263,-1.124031
1.546424,490.573465,1.533590,-1.123988
1.549199,490.994714,1.533917,-1.123946
1.554578,491.813302,1.534553,-1.123864
1.559957,492.634950,1.535192,-1.123782
1.565336,493.459658,1.535832,-1.123700
1.570715,494.287422,1.536475,-1.123617
1.590523,497.362006,1.538864,-1.123310
1.604142,499.499877,1.540525,-1.123096
1.617761,501.657262,1.542201,-1.122880
1.631379,503.834133,1.543892,-1.122662
1.650893,506.987166,1.546342,-1.122347
1.670406,510.180060,1.548822,-1.122028
1.686432,512.832103,1.550883,-1.121763
1.702459,515.510917,1.552964,-1.121495
1.718485,518.216455,1.555066,-1.121224
1.734511,520.948665,1.557188,-1.120951
1.753039,524.140532,1.559668,-1.120632
1.771567,527.367902,1.562175,-1.120309
1.790095,530.630693,1.564710,-1.119983
1.808622,533.928827,1.567273,-1.119653
1.827150,537.262222,1.569862,-1.119319
1.856200,542.559480,1.573978,-1.118790
1.878475,546.679589,1.577179,-1.118378
1.900749,550.850199,1.580419,-1.117961
1.923024,555.071162,1.583698,-1.117539
1.945298,559.342324,1.587016,-1.117111
1.967573,563.663533,1.590373,-1.116679
1.991197,568.301105,1.593976,-1.116216
2.014821,572.994598,1.597623,-1.115746
2.038445,577.743789,1.601312,-1.115271
2.062069,582.548432,1.605045,-1.114791
2.095235,589.386686,1.610358,-1.114107
2.128401,596.332983,1.615754,-1.113412
2.161567,603.386585,1.620453,-1.112065
2.168200,604.810116,1.620467,-1.111025
2.174833,606.237902,1.620481,-1.109982
2.181466,607.669938,1.620495,-1.108935
2.194733,610.546728,1.620522,-1.106833
2.207999,613.440443,1.620550,-1.104719
2.221265,616.351034,1.620578,-1.102592
2.246950,622.033889,1.620633,-1.098440
2.272634,627.779446,1.620688,-1.094241
2.298319,633.587353,1.620744,-1.089998
2.334593,641.895519,1.620824,-1.083927
2.362467,648.363039,1.620886,-1.079201
2.390341,654.902507,1.620949,-1.074423
2.418215,661.513475,1.621013,-1.069592
2.446088,668.195506,1.621077,-1.064710
2.478709,676.105056,1.621153,-1.058930
2.511330,684.110586,1.621230,-1.053081
2.537001,690.477835,1.621291,-1.048428
2.562673,696.903976,1.621353,-1.043733
2.588344,703.388783,1.621415,-1.038994
2.626179,713.052697,1.621508,-1.031933
2.664014,722.842846,1.621603,-1.024780
2.701850,732.758541,1.621698,-1.017534
2.708156,734.423543,1.621714,-1.016318
2.714463,736.092011,1.621730,-1.015098
2.720769,737.763938,1.621746,-1.013877
2.733383,741.118146,1.621779,-1.011426
2.745996,744.486131,1.621811,-1.008965
2.758609,747.867857,1.621843,-1.006494
2.813164,762.652009,1.621986,-0.995691
2.867720,777.689415,1.622130,-0.984704
2.877490,780.408884,1.622157,-0.982717
2.887260,783.136348,1.622183,-0.980724
2.897030,785.871789,1.622209,-0.978725
2.912121,790.112562,1.622250,-0.975626
2.927212,794.372166,1.622291,-0.972514
2.942303,798.650473,1.622332,-0.969388
2.966064,805.424215,1.622397,-0.964438
2.989825,812.243359,1.622463,-0.959455
2.998611,814.776378,1.622487,-0.957605
3.004203,816.391561,1.622503,-0.956424
3.009795,818.009174,1.622518,-0.955242
3.015386,819.629178,1.622267,-0.954166
3.023272,821.917913,1.621213,-0.952925
3.031158,824.211190,1.620158,-0.951681
3.039044,826.508890,1.619100,-0.950435
3.060586,832.806234,1.616201,-0.947021
3.082127,839.132926,1.613289,-0.943591
3.103668,845.486544,1.610364,-0.940146
3.131695,853.790249,1.606541,-0.935643
3.159722,862.130252,1.602702,-0.931121
3.187749,870.500523,1.598849,-0.926583
3.215776,878.895462,1.594984,-0.922031
3.252071,889.794348,1.589967,-0.916121
3.288365,900.713512,1.584940,-0.910201
3.292733,902.028603,1.584335,-0.909488
3.297102,903.343793,1.583729,-0.908775
3.301470,904.659063,1.583124,-0.908062
3.307727,906.542837,1.582257,-0.907040
3.313983,908.426712,1.581389,-0.906019
3.320240,910.310659,1.580522,-0.904997
3.332310,913.945238,1.578849,-0.903027
3.344380,917.579750,1.577176,-0.901056
3.356450,921.213995,1.575503,-0.899085
3.387234,930.479719,1.571237,-0.894062
3.400708,934.533833,1.569371,-0.891863
3.409294,937.116245,1.568182,-0.890463
3.417879,939.698026,1.566994,-0.889063
3.426465,942.279140,1.565805,-0.887664
3.441739,946.869550,1.563692,-0.885175
3.457014,951.457581,1.561580,-0.882687
3.472289,956.043083,1.559469,-0.880201
3.515433,968.979456,1.553514,-0.873187
3.558578,981.890786,1.547570,-0.866186
3.601722,994.773854,1.541640,-0.859201
3.671537,1015.553622,1.532074,-0.847934
3.741351,1036.237272,1.522552,-0.836719
3.748961,1038.485316,1.521517,-0.835500
3.756571,1040.732014,1.519110,-0.836045
3.764181,1042.977350,1.513974,-0.840096
3.775000,1046.166978,1.506679,-0.845852
3.785818,1049.353770,1.499389,-0.851602
3.796637,1052.537674,1.492107,-0.857347
3.812703,1057.260624,1.481304,-0.865869
3.824783,1060.807224,1.473191,-0.872268
3.836862,1064.349990,1.465088,-0.878661
3.848942,1067.888850,1.456993,-0.885046
3.864507,1072.442960,1.446576,-0.893264
3.880072,1076.990324,1.436175,-0.901469
3.895637,1081.530779,1.425790,-0.909662
3.911202,1086.064220,1.415420,-0.917842
3.926767,1090.590587,1.405067,-0.926009
3.942332,1095.109873,1.394730,-0.934163
3.957897,1099.622108,1.384409,-0.942305
3.975059,1104.588968,1.373048,-0.951267
3.992220,1109.547336,1.361706,-0.960214
4.009381,1114.497245,1.350384,-0.969146
4.038213,1122.794370,1.331406,-0.984117
4.067045,1131.067862,1.312481,-0.999046
4.095877,1139.317866,1.293611,-1.013932
4.131097,1149.364183,1.270632,-1.032059
4.166317,1159.375925,1.247731,-1.050124
4.201537,1169.353346,1.224910,-1.068127
4.281543,1191.892435,1.173355,-1.108797
4.361549,1214.258740,1.122196,-1.149154
4.441555,1236.454926,1.071426,-1.189205
4.537530,1262.859698,1.011029,-1.236849
4.633504,1289.027604,0.951174,-1.284066
4.729479,1314.963451,0.891850,-1.330864
4.825454,1340.671458,0.833047,-1.377252
4.984693,1382.833561,0.736608,-1.453328
5.113124,1416.400825,0.659828,-1.513897
5.207055,1440.708869,0.604228,-1.557758
5.300985,1464.815012,0.549089,-1.601255
5.394916,1488.721382,0.494407,-1.644391
5.413703,1493.478868,0.483525,-1.652975
5.432489,1498.228460,0.474539,-1.657982
5.451275,1502.970167,0.468013,-1.658341
5.470061,1507.704005,0.461498,-1.658699
5.488847,1512.429989,0.454993,-1.659057
5.507634,1517.148139,0.448500,-1.659414
5.526420,1521.858474,0.442017,-1.659771
5.545206,1526.561012,0.435545,-1.660127
5.563992,1531.255771,0.429084,-1.660482
5.586945,1536.981310,0.421204,-1.660915
5.609898,1542.695288,0.413340,-1.661348
5.632851,1548.397733,0.405491,-1.661779
5.659658,1555.043090,0.396345,-1.662282
5.686465,1561.672797,0.387221,-1.662784
5.713272,1568.286905,0.378118,-1.663285
5.740079,1574.885463,0.369037,-1.663784
5.784724,1585.840511,0.353959,-1.664614
5.829370,1596.752758,0.338941,-1.665440
5.874015,1607.622409,0.323981,-1.666262
5.918660,1618.449669,0.309080,-1.667082
5.972257,1631.392218,0.291267,-1.668062
6.025854,1644.274350,0.273537,-1.669037
6.079451,1657.096381,0.255891,-1.670007
6.186645,1682.561899,0.220843,-1.671935
6.293838,1707.791109,0.186120,-1.673844
6.401032,1732.786507,0.151719,-1.675736
6.533434,1763.341318,0.109667,-1.678049
6.665836,1793.548122,0.068094,-1.680336
6.798238,1823.411835,0.026992,-1.682596
6.930640,1852.937511,-0.013643,-1.684831
7.063042,1882.130077,-0.053821,-1.687041
7.195444,1910.994303,-0.093546,-1.689226
7.412245,1957.558865,-0.157633,-1.692750
7.526714,1981.801342,-0.189509,-1.692768
7.534367,1983.413632,-0.190192,-1.691016
7.542020,1985.024877,-0.190875,-1.689265
7.549672,1986.635078,-0.191558,-1.687515
7.564977,1989.852349,-0.192922,-1.684019
7.580283,1993.065453,-0.194285,-1.680528
7.595588,1996.274395,-0.195645,-1.677041
7.610893,1999.479183,-0.197004,-1.673558
7.631957,2003.882895,-0.198872,-1.668773
7.653020,2008.278772,-0.200736,-1.663996
7.674083,2012.666833,-0.202596,-1.659228
7.695147,2017.047093,-0.204454,-1.654468
7.716210,2021.419566,-0.206308,-1.649717
7.744752,2027.332078,-0.208815,-1.643292
7.773294,2033.230351,-0.211316,-1.636883
7.801836,2039.114423,-0.213811,-1.630489
7.830378,2044.984335,-0.216300,-1.624111
7.858919,2050.840126,-0.218783,-1.617747
7.889808,2057.161454,-0.221463,-1.610878
7.920696,2063.466333,-0.224136,-1.604027
7.951584,2069.754808,-0.226803,-1.597194
7.982473,2076.026924,-0.229462,-1.590378
8.018746,2083.371716,-0.232577,-1.582397
8.055019,2090.694087,-0.235682,-1.574440
8.091293,2097.994111,-0.238777,-1.566508
8.127566,2105.271862,-0.241863,-1.558600
8.168682,2113.494373,-0.245350,-1.549665
8.209798,2121.688466,-0.248824,-1.540761
8.250914,2129.854235,-0.252287,-1.531887
8.314476,2142.422304,-0.257616,-1.518230
8.378038,2154.923300,-0.262916,-1.504646
8.441599,2167.357577,-0.268189,-1.491135
8.536396,2185.779234,-0.276000,-1.471117
8.631193,2204.054455,-0.283749,-1.451258
8.725990,2222.184341,-0.291437,-1.431558
8.842208,2244.214554,-0.300778,-1.407619
8.958426,2266.029984,-0.310028,-1.383913
9.074645,2287.632538,-0.319188,-1.360439
9.321408,2332.802331,-0.338342,-1.311355
9.568172,2377.037268,-0.357098,-1.263288
9.814935,2420.354884,-0.375466,-1.216217
10.061699,2462.770799,-0.393451,-1.170126
10.227386,2490.752609,-0.405316,-1.139720
10.277249,2499.095897,-0.408516,-1.131493
10.303387,2503.455107,-0.407408,-1.134091
10.329525,2507.804513,-0.406303,-1.136684
10.355663,2512.144134,-0.405201,-1.139270
10.385216,2517.038956,-0.403957,-1.142187
10.408596,2520.902420,-0.402975,-1.144490
10.431975,2524.758091,-0.401996,-1.146788
10.455355,2528.605977,-0.401018,-1.149081
10.492134,2534.643577,-0.399484,-1.152679
10.521043,2539.375602,-0.398282,-1.155500
10.549951,2544.095788,-0.397083,-1.158313
10.578860,2548.804158,-0.395887,-1.161119
10.607768,2553.500732,-0.394693,-1.163918
10.647020,2559.858854,-0.393078,-1.167707
10.686271,2566.195318,-0.391468,-1.171484
10.725523,2572.510171,-0.389864,-1.175247
10.764775,2578.803461,-0.388265,-1.178998
10.809316,2585.918856,-0.386457,-1.183239
10.845973,2591.753981,-0.384974,-1.186716
10.882630,2597.570435,-0.383497,-1.190183
10.919288,2603.368255,-0.382024,-1.193638
10.959623,2609.726420,-0.380408,-1.197428
10.999959,2616.062118,-0.378798,-1.201204
11.040295,2622.375400,-0.377194,-1.204966
11.105011,2632.457994,-0.374633,-1.210975
11.158403,2640.733053,-0.372530,-1.215907
11.211795,2648.969177,-0.370438,-1.220816
11.265187,2657.166482,-0.368355,-1.225701
11.318579,2665.325081,-0.366282,-1.230564
11.372538,2673.531140,-0.364197,-1.235455
11.426497,2681.697903,-0.362123,-1.240322
11.480457,2689.825473,-0.360058,-1.245166
11.588375,2705.963613,-0.355957,-1.254784
11.696293,2721.946336,-0.351897,-1.264309
11.804211,2737.774469,-0.347875,-1.273743
11.824363,2740.713058,-0.347129,-1.275494
11.844516,2743.646288,-0.346383,-1.277242
11.864668,2746.574166,-0.345640,-1.278987
11.904973,2752.413900,-0.344156,-1.282468
11.945277,2758.232297,-0.342678,-1.285935
11.985582,2764.029401,-0.341205,-1.289390
12.054631,2773.911590,-0.338694,-1.295280
12.123681,2783.731601,-0.336199,-1.301133
12.192731,2793.489657,-0.333720,-1.306948
12.261781,2803.185966,-0.331256,-1.312727
12.376385,2819.143554,-0.327202,-1.322238
12.490990,2834.932517,-0.323191,-1.331648
12.605594,2850.553755,-0.319222,-1.340958
12.720198,2866.008148,-0.315295,-1.350168
12.863876,2885.148928,-0.310432,-1.361576
13.007553,2904.030671,-0.305635,-1.372829
13.151231,2922.654875,-0.300903,-1.383929
13.346079,2947.502788,-0.294590,-1.398738
13.540926,2971.883420,-0.288396,-1.413269
13.735774,2995.800842,-0.282319,-1.427523
13.930622,3019.258714,-0.276359,-1.441504
14.114602,3040.989609,-0.270838,-1.454455
14.147853,3044.873897,-0.269851,-1.456770
14.181105,3048.745014,-0.268868,-1.459077
14.214356,3052.602974,-0.265432,-1.463088
14.246901,3056.366379,-0.259698,-1.468660
14.279447,3060.117208,-0.253984,-1.474214
14.311993,3063.855477,-0.248288,-1.479749
14.351357,3068.360106,-0.241426,-1.486419
14.390720,3072.846411,-0.234591,-1.493062
14.422171,3076.417676,-0.229150,-1.498349
14.453621,3079.977274,-0.223727,-1.503620
14.485071,3083.525218,-0.218321,-1.508873
14.524240,3087.927594,-0.211614,-1.515391
14.563409,3092.311939,-0.204935,-1.521883
14.602578,3096.678279,-0.198283,-1.528348
14.641746,3101.026639,-0.191658,-1.534787
14.680915,3105.357045,-0.185061,-1.541198
14.720084,3109.669518,-0.178490,-1.547584
14.759252,3113.964085,-0.171948,-1.553942
14.804351,3118.886660,-0.164448,-1.561231
14.849449,3123.785570,-0.156985,-1.568485
14.894548,3128.660848,-0.149557,-1.575703
14.939646,3133.512532,-0.142165,-1.582887
14.984744,3138.340655,-0.134810,-1.590036
15.029843,3143.145253,-0.127490,-1.597149
15.087986,3149.304978,-0.118106,-1.606270
15.146130,3155.425736,-0.108781,-1.615333
15.204273,3161.507601,-0.099515,-1.624338
15.306355,3172.091585,-0.083390,-1.640009
15.408436,3182.556325,-0.067447,-1.655503
15.510517,3192.902199,-0.051685,-1.670822
15.640622,3205.916450,-0.031858,-1.690092
15.770727,3218.738947,-0.012322,-1.709077
15.900832,3231.370528,0.006922,-1.727780
16.030937,3243.811949,0.025876,-1.746202
16.153986,3255.404408,0.043538,-1.763366
16.277035,3266.828085,0.060942,-1.780280
16.400084,3278.083530,0.078089,-1.796946
16.523133,3289.171308,0.094982,-1.813363
16.646182,3300.091988,0.111619,-1.829533
16.769231,3310.846128,0.128003,-1.845456
16.918578,3323.675793,0.147550,-1.864452
17.067925,3336.261912,0.166725,-1.883088
17.217273,3348.605415,0.185530,-1.901364
17.340369,3358.597469,0.200753,-1.916159
17.463465,3368.425815,0.215727,-1.930711
17.586561,3378.090954,0.230451,-1.945022
17.759726,3391.411826,0.250746,-1.964745
17.932892,3404.411903,0.270552,-1.983994
18.106057,3417.092582,0.289871,-2.002770
18.279222,3429.455111,0.308705,-2.021074
18.473396,3442.940571,0.329250,-2.041041
18.667570,3456.029141,0.349191,-2.060421
18.861744,3468.722426,0.368529,-2.079215
19.055918,3481.021978,0.387267,-2.097427
19.291556,3495.421288,0.409205,-2.118747
19.527193,3509.245588,0.430266,-2.139216
19.762831,3522.497409,0.450456,-2.158837
19.998469,3535.179193,0.469776,-2.177614
20.234106,3547.293302,0.488232,-2.195551
20.469744,3558.842019,0.505827,-2.212651
20.705381,3569.827564,0.522563,-2.228917
20.941019,3580.252098,0.538445,-2.244352
21.176657,3590.117727,0.553476,-2.258959
21.412294,3599.426507,0.567658,-2.272742
21.607577,3606.720552,0.578770,-2.283542
21.802860,3613.634645,0.589304,-2.293779
21.998142,3620.169888,0.599260,-2.303456
22.193425,3626.327369,0.608641,-2.312573
22.423818,3633.107632,0.618971,-2.322612
22.654211,3639.365328,0.629191,-2.334225
22.684823,3640.157548,0.630910,-2.337151
22.715435,3640.940577,0.632609,-2.340043
22.746047,3641.714420,0.634288,-2.342901
22.776660,3642.479082,0.635948,-2.345725
22.837884,3643.980877,0.639207,-2.351272
22.899108,3645.445996,0.642386,-2.356683
22.960333,3646.874469,0.645486,-2.361959
23.021557,3648.266325,0.648507,-2.367100
23.115723,3650.335647,0.652997,-2.374743
23.209888,3652.318506,0.657301,-2.382066
23.304054,3654.214990,0.661416,-2.389071
23.398219,3656.025185,0.665344,-2.395756
23.492385,3657.749177,0.669086,-2.402124
23.606298,3659.719635,0.673362,-2.409401
23.720212,3661.564226,0.677365,-2.416214
23.834126,3663.283093,0.681095,-2.422563
23.948040,3664.876370,0.684553,-2.428447
24.061954,3666.344170,0.687738,-2.433868
24.204607,3668.005466,0.691343,-2.440004
24.347261,3669.470248,0.694522,-2.445414
24.489914,3670.738568,0.697274,-2.450099
24.632568,3671.810411,0.699600,-2.454057
24.775221,3672.685695,0.701500,-2.457290
24.917875,3673.364270,0.702972,-2.459796
25.076802,3673.888342,0.704110,-2.461732
25.235729,3674.167600,0.704716,-2.462763
25.337142,3674.217627,0.704824,-2.462948
25.340000,3674.217589,0.704824,-2.462948
25.348199,3674.216897,0.704823,-2.462945
25.356397,3674.215742,0.704820,-2.462941
25.372794,3674.212508,0.704813,-2.462929
25.389191,3674.207438,0.704802,-2.462910
25.405589,3674.200552,0.704787,-2.462885
25.489865,3674.137148,0.704650,-2.462651
25.574142,3674.028610,0.704414,-2.462250
25.658419,3673.876926,0.704085,-2.461690
25.742696,3673.683828,0.703666,-2.460977
25.870512,3673.315287,0.702866,-2.459615
25.998329,3672.859424,0.701877,-2.457932
26.126145,3672.320035,0.700706,-2.455940
26.253962,3671.700413,0.699362,-2.453651
26.381778,3671.003451,0.697849,-2.451077
26.595954,3669.669301,0.694954,-2.446149
26.810130,3668.136401,0.691627,-2.440488
27.024306,3666.415133,0.687892,-2.434130
27.238482,3664.515451,0.683769,-2.427114
27.452658,3662.447278,0.679281,-2.419476
27.666834,3660.220600,0.674449,-2.411252
28.026593,3656.151633,0.665619,-2.396223
28.386351,3651.712543,0.655986,-2.379828
28.746110,3646.951264,0.645653,-2.362243
29.105869,3641.913846,0.634721,-2.343638
29.465627,3636.643168,0.624357,-2.327847
29.825386,3631.178065,0.616031,-2.319755
30.369916,3622.611452,0.602980,-2.307071
30.914446,3613.775771,0.589519,-2.293988
31.458977,3604.747237,0.575764,-2.280620
32.003507,3595.582796,0.561802,-2.267051
32.548037,3586.324376,0.547696,-2.253343
33.092568,3577.001858,0.533493,-2.239539
33.639941,3567.587445,0.519151,-2.225600
34.187314,3558.144857,0.504765,-2.211619
34.734687,3548.684503,0.490352,-2.197611
35.282060,3539.213623,0.475923,-2.183588
35.829433,3529.737208,0.461485,-2.169557
36.519159,3517.793485,0.443289,-2.151872
37.208884,3505.850683,0.425094,-2.134189
37.898610,3493.911557,0.406905,-2.116512
38.588336,3481.977622,0.388723,-2.098842
39.278061,3470.049857,0.370551,-2.081181
39.967787,3458.128892,0.352390,-2.063530
40.657512,3446.215077,0.334239,-2.045890
42.026589,3422.588536,0.298244,-2.010907
43.395667,3398.991742,0.262294,-1.975969
44.764744,3375.424612,0.226389,-1.941074
46.133821,3351.886939,0.190529,-1.906223
47.559524,3327.407200,0.153234,-1.869977
48.985227,3302.959585,0.115988,-1.833779
50.410930,3278.543862,0.078791,-1.797627
51.121933,3266.379459,0.060258,-1.779616
51.832937,3254.222865,0.041738,-1.761617
52.543940,3242.074098,0.023229,-1.743628
53.253734,3229.953792,0.004763,-1.725683
53.963528,3217.841247,-0.013690,-1.707748
54.673322,3205.736441,-0.032132,-1.689825
56.176968,3180.118755,-0.071161,-1.651894
57.680614,3154.535523,-0.110137,-1.614014
59.184260,3128.986558,-0.149061,-1.576185
61.288799,3093.284806,-0.203453,-1.523324
63.393337,3057.649324,-0.257744,-1.470560
63.919471,3048.750768,-0.268866,-1.459081
64.445606,3039.856381,-0.271126,-1.453780
64.971741,3030.966249,-0.273385,-1.448481
65.904086,3015.223052,-0.277384,-1.439099
66.836431,2999.493765,-0.281381,-1.429724
67.768776,2983.778543,-0.285373,-1.420358
69.182905,2959.969412,-0.291423,-1.406168
70.597035,2936.192524,-0.297464,-1.391998
72.011164,2912.447751,-0.303496,-1.377846
73.425187,2888.736729,-0.309521,-1.363714
74.839211,2865.057513,-0.315537,-1.349602
76.253234,2841.409924,-0.321545,-1.335508
77.677880,2817.616501,-0.327590,-1.321328
79.102525,2793.854833,-0.333627,-1.307166
80.527170,2770.124759,-0.339656,-1.293023
82.004785,2745.545574,-0.345901,-1.278374
83.482401,2721.000010,-0.352137,-1.263745
84.960016,2696.487881,-0.358365,-1.249136
87.453332,2655.201556,-0.368854,-1.224530
89.946648,2614.009046,-0.379320,-1.199980
92.439964,2572.909505,-0.389762,-1.175485
94.818332,2533.790724,-0.399701,-1.152171
97.196701,2494.755128,-0.407014,-1.135371
97.791293,2485.009393,-0.402881,-1.145961
98.385885,2475.269373,-0.398751,-1.156545
98.980477,2465.535110,-0.394624,-1.167122
99.575069,2455.806815,-0.390498,-1.177694
100.272787,2444.398940,-0.385661,-1.190090
100.970505,2432.999401,-0.380828,-1.202477
101.668223,2421.608235,-0.375997,-1.214855
103.053485,2399.016812,-0.366418,-1.239404
104.438748,2376.458315,-0.356853,-1.263917
105.824011,2353.932619,-0.347301,-1.288394
107.185274,2331.828964,-0.337929,-1.312413
108.546537,2309.756611,-0.328570,-1.336398
109.907800,2287.715361,-0.319224,-1.360349
111.103033,2268.387944,-0.311028,-1.381351
112.298265,2249.084269,-0.302843,-1.402327
116.811362,2176.406184,-0.272026,-1.481302
121.324459,2104.058236,-0.241348,-1.559918
125.837556,2032.034861,-0.210809,-1.638182
126.655593,2019.014623,-0.205288,-1.652330
127.473631,2006.004845,-0.199771,-1.666467
128.291668,1993.005482,-0.194259,-1.680593
129.458338,1974.484407,-0.180927,-1.694031
130.349408,1960.353493,-0.161479,-1.692962
131.240478,1946.236276,-0.142050,-1.691893
132.131549,1932.133215,-0.122640,-1.690826
133.174493,1915.644662,-0.099947,-1.689578
134.217437,1899.176062,-0.077281,-1.688331
135.260381,1882.727473,-0.054643,-1.687086
136.303325,1866.298790,-0.032032,-1.685842
137.692813,1844.441943,-0.001951,-1.684188
139.082301,1822.619965,0.028082,-1.682536
140.471789,1800.832657,0.058068,-1.680887
143.493075,1753.577350,0.123105,-1.677310
146.514360,1706.482884,0.187920,-1.673745
149.535645,1659.546967,0.252518,-1.670193
152.556930,1612.767453,0.316900,-1.666652
156.916379,1545.540237,0.409424,-1.661563
157.633651,1534.509515,0.424606,-1.660728
158.350923,1523.487299,0.439775,-1.659894
159.068195,1512.473565,0.454933,-1.659060
160.502740,1490.470828,0.490405,-1.647548
160.675606,1487.821671,0.496465,-1.642768
161.021338,1482.524718,0.508581,-1.633210
161.367071,1477.229517,0.520693,-1.623655
161.712803,1471.936005,0.532801,-1.614104
162.558143,1458.999834,0.562390,-1.590762
163.403483,1446.073089,0.591958,-1.567437
164.248823,1433.155481,0.621505,-1.544129
165.603280,1412.476843,0.668804,-1.506816
166.957737,1391.821132,0.716050,-1.469545
168.312193,1371.188157,0.763245,-1.432316
169.642701,1350.942007,0.809555,-1.395784
170.973208,1330.717571,0.855815,-1.359291
172.303716,1310.514773,0.902026,-1.322837
173.476388,1292.726465,0.942714,-1.290740
174.649060,1274.954821,0.983363,-1.258673
175.821731,1257.199769,1.023975,-1.226636
176.777243,1242.744894,1.057038,-1.200554
177.732755,1228.300964,1.090076,-1.174492
178.688267,1213.867946,1.123090,-1.148449
179.910596,1195.420509,1.165285,-1.115163
181.132925,1176.990805,1.207440,-1.081908
182.355254,1158.578766,1.249555,-1.048686
187.919623,1074.983143,1.440766,-0.897847
189.310715,1054.140598,1.488440,-0.860239
190.701807,1033.320238,1.523895,-0.838300
191.525509,1021.002081,1.529565,-0.844979
192.349212,1008.691086,1.535233,-0.851655
193.172914,996.387119,1.540897,-0.858326
193.996616,984.090026,1.546558,-0.864994
194.820318,971.799737,1.552216,-0.871657
195.644020,959.516233,1.557870,-0.878318
196.993753,939.402894,1.567129,-0.889223
198.343486,919.307650,1.576380,-0.900119
199.693218,899.230419,1.585623,-0.911005
201.034834,879.291710,1.594802,-0.921816
202.376450,859.370671,1.603972,-0.932617
203.718065,839.467244,1.613135,-0.943409
205.008518,820.339405,1.621940,-0.953781
206.298970,801.227749,1.622357,-0.967504
207.589422,782.132222,1.622173,-0.981457
208.539596,768.082263,1.622038,-0.991723
209.489770,754.041004,1.621903,-1.001983
210.439944,740.008424,1.621768,-1.012237
211.788754,720.103485,1.621576,-1.026781
213.137563,700.215927,1.621385,-1.041313
214.486373,680.345689,1.621194,-1.055832
215.833210,660.521719,1.621003,-1.070317
217.180048,640.714900,1.620812,-1.084790
218.526886,620.925172,1.620622,-1.099250
219.870353,601.201938,1.619537,-1.112925
221.213820,581.495572,1.604227,-1.114896
222.557287,561.805969,1.588930,-1.116865
223.500146,547.997538,1.578203,-1.118246
224.443006,534.197272,1.567481,-1.119626
225.385865,520.405171,1.556766,-1.121005
226.717120,500.945509,1.541648,-1.122951
228.048375,481.502027,1.526542,-1.124896
229.379630,462.074661,1.511449,-1.126838
230.713794,442.620957,1.496336,-1.128784
232.047958,423.183336,1.481235,-1.130728
233.382122,403.761746,1.466146,-1.132670
234.739160,384.023722,1.450101,-1.131139
234.914509,381.474510,1.447800,-1.129813
